
Maestro.elf:     file format elf32-avr

Sections:
Idx Name          Size      VMA       LMA       File off  Algn
  0 .data         00000014  00800100  000014f8  0000158c  2**0
                  CONTENTS, ALLOC, LOAD, DATA
  1 .text         000014f8  00000000  00000000  00000094  2**1
                  CONTENTS, ALLOC, LOAD, READONLY, CODE
  2 .bss          0000003a  00800114  00800114  000015a0  2**0
                  ALLOC
  3 .comment      00000030  00000000  00000000  000015a0  2**0
                  CONTENTS, READONLY
  4 .note.gnu.avr.deviceinfo 00000040  00000000  00000000  000015d0  2**2
                  CONTENTS, READONLY
  5 .debug_aranges 00000108  00000000  00000000  00001610  2**0
                  CONTENTS, READONLY, DEBUGGING
  6 .debug_info   0000193e  00000000  00000000  00001718  2**0
                  CONTENTS, READONLY, DEBUGGING
  7 .debug_abbrev 00000b71  00000000  00000000  00003056  2**0
                  CONTENTS, READONLY, DEBUGGING
  8 .debug_line   00000d8e  00000000  00000000  00003bc7  2**0
                  CONTENTS, READONLY, DEBUGGING
  9 .debug_frame  00000228  00000000  00000000  00004958  2**2
                  CONTENTS, READONLY, DEBUGGING
 10 .debug_str    00000632  00000000  00000000  00004b80  2**0
                  CONTENTS, READONLY, DEBUGGING
 11 .debug_loc    0000086d  00000000  00000000  000051b2  2**0
                  CONTENTS, READONLY, DEBUGGING
 12 .debug_ranges 000000e0  00000000  00000000  00005a1f  2**0
                  CONTENTS, READONLY, DEBUGGING

Disassembly of section .text:

00000000 <__vectors>:
       0:	0c 94 b1 00 	jmp	0x162	; 0x162 <__ctors_end>
       4:	0c 94 ce 00 	jmp	0x19c	; 0x19c <__bad_interrupt>
       8:	0c 94 ce 00 	jmp	0x19c	; 0x19c <__bad_interrupt>
       c:	0c 94 ce 00 	jmp	0x19c	; 0x19c <__bad_interrupt>
      10:	0c 94 ce 00 	jmp	0x19c	; 0x19c <__bad_interrupt>
      14:	0c 94 ce 00 	jmp	0x19c	; 0x19c <__bad_interrupt>
      18:	0c 94 ce 00 	jmp	0x19c	; 0x19c <__bad_interrupt>
      1c:	0c 94 ce 00 	jmp	0x19c	; 0x19c <__bad_interrupt>
      20:	0c 94 ce 00 	jmp	0x19c	; 0x19c <__bad_interrupt>
      24:	0c 94 ce 00 	jmp	0x19c	; 0x19c <__bad_interrupt>
      28:	0c 94 ce 00 	jmp	0x19c	; 0x19c <__bad_interrupt>
      2c:	0c 94 ce 00 	jmp	0x19c	; 0x19c <__bad_interrupt>
      30:	0c 94 ce 00 	jmp	0x19c	; 0x19c <__bad_interrupt>
      34:	0c 94 ce 00 	jmp	0x19c	; 0x19c <__bad_interrupt>
      38:	0c 94 ce 00 	jmp	0x19c	; 0x19c <__bad_interrupt>
      3c:	0c 94 ce 00 	jmp	0x19c	; 0x19c <__bad_interrupt>
      40:	0c 94 ce 00 	jmp	0x19c	; 0x19c <__bad_interrupt>
      44:	0c 94 ce 00 	jmp	0x19c	; 0x19c <__bad_interrupt>
      48:	0c 94 db 04 	jmp	0x9b6	; 0x9b6 <__vector_18>
      4c:	0c 94 ce 00 	jmp	0x19c	; 0x19c <__bad_interrupt>
      50:	0c 94 ce 00 	jmp	0x19c	; 0x19c <__bad_interrupt>
      54:	0c 94 ce 00 	jmp	0x19c	; 0x19c <__bad_interrupt>
      58:	0c 94 ce 00 	jmp	0x19c	; 0x19c <__bad_interrupt>
      5c:	0c 94 ce 00 	jmp	0x19c	; 0x19c <__bad_interrupt>
      60:	0c 94 ce 00 	jmp	0x19c	; 0x19c <__bad_interrupt>
      64:	0c 94 ce 00 	jmp	0x19c	; 0x19c <__bad_interrupt>

00000068 <__trampolines_end>:
      68:	00 40       	sbci	r16, 0x00	; 0
      6a:	7a 10       	cpse	r7, r10
      6c:	f3 5a       	subi	r31, 0xA3	; 163
      6e:	00 a0       	ldd	r0, Z+32	; 0x20
      70:	72 4e       	sbci	r23, 0xE2	; 226
      72:	18 09       	sbc	r17, r8
      74:	00 10       	cpse	r0, r0
      76:	a5 d4       	rcall	.+2378   	; 0x9c2 <__vector_18+0xc>
      78:	e8 00       	.word	0x00e8	; ????
      7a:	00 e8       	ldi	r16, 0x80	; 128
      7c:	76 48       	sbci	r23, 0x86	; 134
      7e:	17 00       	.word	0x0017	; ????
      80:	00 e4       	ldi	r16, 0x40	; 64
      82:	0b 54       	subi	r16, 0x4B	; 75
      84:	02 00       	.word	0x0002	; ????
      86:	00 ca       	rjmp	.-3072   	; 0xfffff488 <__eeprom_end+0xff7ef488>
      88:	9a 3b       	cpi	r25, 0xBA	; 186
      8a:	00 00       	nop
      8c:	00 e1       	ldi	r16, 0x10	; 16
      8e:	f5 05       	cpc	r31, r5
      90:	00 00       	nop
      92:	80 96       	adiw	r24, 0x20	; 32
      94:	98 00       	.word	0x0098	; ????
      96:	00 00       	nop
      98:	40 42       	sbci	r20, 0x20	; 32
      9a:	0f 00       	.word	0x000f	; ????
      9c:	00 00       	nop
      9e:	a0 86       	std	Z+8, r10	; 0x08
      a0:	01 00       	.word	0x0001	; ????
      a2:	00 00       	nop
      a4:	10 27       	eor	r17, r16
      a6:	00 00       	nop
      a8:	00 00       	nop
      aa:	e8 03       	fmulsu	r22, r16
      ac:	00 00       	nop
      ae:	00 00       	nop
      b0:	64 00       	.word	0x0064	; ????
      b2:	00 00       	nop
      b4:	00 00       	nop
      b6:	0a 00       	.word	0x000a	; ????
      b8:	00 00       	nop
      ba:	00 00       	nop
      bc:	01 00       	.word	0x0001	; ????
      be:	00 00       	nop
      c0:	00 00       	nop
      c2:	2c 76       	andi	r18, 0x6C	; 108
      c4:	d8 88       	ldd	r13, Y+16	; 0x10
      c6:	dc 67       	ori	r29, 0x7C	; 124
      c8:	4f 08       	sbc	r4, r15
      ca:	23 df       	rcall	.-442    	; 0xffffff12 <__eeprom_end+0xff7eff12>
      cc:	c1 df       	rcall	.-126    	; 0x50 <__SREG__+0x11>
      ce:	ae 59       	subi	r26, 0x9E	; 158
      d0:	e1 b1       	in	r30, 0x01	; 1
      d2:	b7 96       	adiw	r30, 0x27	; 39
      d4:	e5 e3       	ldi	r30, 0x35	; 53
      d6:	e4 53       	subi	r30, 0x34	; 52
      d8:	c6 3a       	cpi	r28, 0xA6	; 166
      da:	e6 51       	subi	r30, 0x16	; 22
      dc:	99 76       	andi	r25, 0x69	; 105
      de:	96 e8       	ldi	r25, 0x86	; 134
      e0:	e6 c2       	rjmp	.+1484   	; 0x6ae <main+0x21c>
      e2:	84 26       	eor	r8, r20
      e4:	eb 89       	ldd	r30, Y+19	; 0x13
      e6:	8c 9b       	sbis	0x11, 4	; 17
      e8:	62 ed       	ldi	r22, 0xD2	; 210
      ea:	40 7c       	andi	r20, 0xC0	; 192
      ec:	6f fc       	.word	0xfc6f	; ????
      ee:	ef bc       	out	0x2f, r14	; 47
      f0:	9c 9f       	mul	r25, r28
      f2:	40 f2       	brcs	.-112    	; 0x84 <__trampolines_end+0x1c>
      f4:	ba a5       	ldd	r27, Y+42	; 0x2a
      f6:	6f a5       	ldd	r22, Y+47	; 0x2f
      f8:	f4 90       	lpm	r15, Z
      fa:	05 5a       	subi	r16, 0xA5	; 165
      fc:	2a f7       	brpl	.-54     	; 0xc8 <__trampolines_end+0x60>
      fe:	5c 93       	st	X, r21
     100:	6b 6c       	ori	r22, 0xCB	; 203
     102:	f9 67       	ori	r31, 0x79	; 121
     104:	6d c1       	rjmp	.+730    	; 0x3e0 <init_LCD8+0x86>
     106:	1b fc       	.word	0xfc1b	; ????
     108:	e0 e4       	ldi	r30, 0x40	; 64
     10a:	0d 47       	sbci	r16, 0x7D	; 125
     10c:	fe f5       	brtc	.+126    	; 0x18c <.do_clear_bss_loop>
     10e:	20 e6       	ldi	r18, 0x60	; 96
     110:	b5 00       	.word	0x00b5	; ????
     112:	d0 ed       	ldi	r29, 0xD0	; 208
     114:	90 2e       	mov	r9, r16
     116:	03 00       	.word	0x0003	; ????
     118:	94 35       	cpi	r25, 0x54	; 84
     11a:	77 05       	cpc	r23, r7
     11c:	00 80       	ld	r0, Z
     11e:	84 1e       	adc	r8, r20
     120:	08 00       	.word	0x0008	; ????
     122:	00 20       	and	r0, r0
     124:	4e 0a       	sbc	r4, r30
     126:	00 00       	nop
     128:	00 c8       	rjmp	.-4096   	; 0xfffff12a <__eeprom_end+0xff7ef12a>
     12a:	0c 33       	cpi	r16, 0x3C	; 60
     12c:	33 33       	cpi	r19, 0x33	; 51
     12e:	33 0f       	add	r19, r19
     130:	98 6e       	ori	r25, 0xE8	; 232
     132:	12 83       	std	Z+2, r17	; 0x02
     134:	11 41       	sbci	r17, 0x11	; 17
     136:	ef 8d       	ldd	r30, Y+31	; 0x1f
     138:	21 14       	cp	r2, r1
     13a:	89 3b       	cpi	r24, 0xB9	; 185
     13c:	e6 55       	subi	r30, 0x56	; 86
     13e:	16 cf       	rjmp	.-468    	; 0xffffff6c <__eeprom_end+0xff7eff6c>
     140:	fe e6       	ldi	r31, 0x6E	; 110
     142:	db 18       	sub	r13, r11
     144:	d1 84       	ldd	r13, Z+9	; 0x09
     146:	4b 38       	cpi	r20, 0x8B	; 139
     148:	1b f7       	brvc	.-58     	; 0x110 <__trampolines_end+0xa8>
     14a:	7c 1d       	adc	r23, r12
     14c:	90 1d       	adc	r25, r0
     14e:	a4 bb       	out	0x14, r26	; 20
     150:	e4 24       	eor	r14, r4
     152:	20 32       	cpi	r18, 0x20	; 32
     154:	84 72       	andi	r24, 0x24	; 36
     156:	5e 22       	and	r5, r30
     158:	81 00       	.word	0x0081	; ????
     15a:	c9 f1       	breq	.+114    	; 0x1ce <I2C_Master_Init+0x2e>
     15c:	24 ec       	ldi	r18, 0xC4	; 196
     15e:	a1 e5       	ldi	r26, 0x51	; 81
     160:	3d 27       	eor	r19, r29

00000162 <__ctors_end>:
     162:	11 24       	eor	r1, r1
     164:	1f be       	out	0x3f, r1	; 63
     166:	cf ef       	ldi	r28, 0xFF	; 255
     168:	d8 e0       	ldi	r29, 0x08	; 8
     16a:	de bf       	out	0x3e, r29	; 62
     16c:	cd bf       	out	0x3d, r28	; 61

0000016e <__do_copy_data>:
     16e:	11 e0       	ldi	r17, 0x01	; 1
     170:	a0 e0       	ldi	r26, 0x00	; 0
     172:	b1 e0       	ldi	r27, 0x01	; 1
     174:	e8 ef       	ldi	r30, 0xF8	; 248
     176:	f4 e1       	ldi	r31, 0x14	; 20
     178:	02 c0       	rjmp	.+4      	; 0x17e <__do_copy_data+0x10>
     17a:	05 90       	lpm	r0, Z+
     17c:	0d 92       	st	X+, r0
     17e:	a4 31       	cpi	r26, 0x14	; 20
     180:	b1 07       	cpc	r27, r17
     182:	d9 f7       	brne	.-10     	; 0x17a <__do_copy_data+0xc>

00000184 <__do_clear_bss>:
     184:	21 e0       	ldi	r18, 0x01	; 1
     186:	a4 e1       	ldi	r26, 0x14	; 20
     188:	b1 e0       	ldi	r27, 0x01	; 1
     18a:	01 c0       	rjmp	.+2      	; 0x18e <.do_clear_bss_start>

0000018c <.do_clear_bss_loop>:
     18c:	1d 92       	st	X+, r1

0000018e <.do_clear_bss_start>:
     18e:	ae 34       	cpi	r26, 0x4E	; 78
     190:	b2 07       	cpc	r27, r18
     192:	e1 f7       	brne	.-8      	; 0x18c <.do_clear_bss_loop>
     194:	0e 94 49 02 	call	0x492	; 0x492 <main>
     198:	0c 94 7a 0a 	jmp	0x14f4	; 0x14f4 <_exit>

0000019c <__bad_interrupt>:
     19c:	0c 94 00 00 	jmp	0	; 0x0 <__vectors>

000001a0 <I2C_Master_Init>:
 *  Author: admin
 */ 
 
#include "I2C.h" 
 
void I2C_Master_Init(unsigned long SCL_Clock, uint8_t Prescaler){
     1a0:	0f 93       	push	r16
     1a2:	1f 93       	push	r17
     1a4:	cf 93       	push	r28
     1a6:	8b 01       	movw	r16, r22
     1a8:	9c 01       	movw	r18, r24
     1aa:	c4 2f       	mov	r28, r20
	DDRC &= ~((1 << DDC4) | (1 << DDC5)); // Los pines de i2C SDA y SCL deben ser entradas
     1ac:	87 b1       	in	r24, 0x07	; 7
     1ae:	8f 7c       	andi	r24, 0xCF	; 207
     1b0:	87 b9       	out	0x07, r24	; 7
	
	switch(Prescaler){
     1b2:	44 30       	cpi	r20, 0x04	; 4
     1b4:	79 f0       	breq	.+30     	; 0x1d4 <I2C_Master_Init+0x34>
     1b6:	18 f4       	brcc	.+6      	; 0x1be <I2C_Master_Init+0x1e>
     1b8:	41 30       	cpi	r20, 0x01	; 1
     1ba:	31 f0       	breq	.+12     	; 0x1c8 <I2C_Master_Init+0x28>
     1bc:	23 c0       	rjmp	.+70     	; 0x204 <I2C_Master_Init+0x64>
     1be:	40 31       	cpi	r20, 0x10	; 16
     1c0:	91 f0       	breq	.+36     	; 0x1e6 <I2C_Master_Init+0x46>
     1c2:	40 34       	cpi	r20, 0x40	; 64
     1c4:	c9 f0       	breq	.+50     	; 0x1f8 <I2C_Master_Init+0x58>
     1c6:	1e c0       	rjmp	.+60     	; 0x204 <I2C_Master_Init+0x64>
		case 1:
		TWSR &= ~((1<<TWPS1)|(1<<TWPS0));
     1c8:	e9 eb       	ldi	r30, 0xB9	; 185
     1ca:	f0 e0       	ldi	r31, 0x00	; 0
     1cc:	80 81       	ld	r24, Z
     1ce:	8c 7f       	andi	r24, 0xFC	; 252
     1d0:	80 83       	st	Z, r24
		break;
     1d2:	1e c0       	rjmp	.+60     	; 0x210 <I2C_Master_Init+0x70>
		case 4:
		TWSR &= ~(1<<TWPS1);
     1d4:	e9 eb       	ldi	r30, 0xB9	; 185
     1d6:	f0 e0       	ldi	r31, 0x00	; 0
     1d8:	80 81       	ld	r24, Z
     1da:	8d 7f       	andi	r24, 0xFD	; 253
     1dc:	80 83       	st	Z, r24
		TWSR |= (1<<TWPS1);
     1de:	80 81       	ld	r24, Z
     1e0:	82 60       	ori	r24, 0x02	; 2
     1e2:	80 83       	st	Z, r24
		break;
     1e4:	15 c0       	rjmp	.+42     	; 0x210 <I2C_Master_Init+0x70>
		case 16:
		TWSR &= ~(1<<TWPS0);
     1e6:	e9 eb       	ldi	r30, 0xB9	; 185
     1e8:	f0 e0       	ldi	r31, 0x00	; 0
     1ea:	80 81       	ld	r24, Z
     1ec:	8e 7f       	andi	r24, 0xFE	; 254
     1ee:	80 83       	st	Z, r24
		TWSR |= (1<<TWPS1);
     1f0:	80 81       	ld	r24, Z
     1f2:	82 60       	ori	r24, 0x02	; 2
     1f4:	80 83       	st	Z, r24
		break;
     1f6:	0c c0       	rjmp	.+24     	; 0x210 <I2C_Master_Init+0x70>
		case 64:
		TWSR |= ((1<<TWPS1)|(1<<TWPS0));
     1f8:	e9 eb       	ldi	r30, 0xB9	; 185
     1fa:	f0 e0       	ldi	r31, 0x00	; 0
     1fc:	80 81       	ld	r24, Z
     1fe:	83 60       	ori	r24, 0x03	; 3
     200:	80 83       	st	Z, r24
		break;
     202:	06 c0       	rjmp	.+12     	; 0x210 <I2C_Master_Init+0x70>
		default:
		TWSR &= ~((1<<TWPS1)|(1<<TWPS0));
     204:	e9 eb       	ldi	r30, 0xB9	; 185
     206:	f0 e0       	ldi	r31, 0x00	; 0
     208:	80 81       	ld	r24, Z
     20a:	8c 7f       	andi	r24, 0xFC	; 252
     20c:	80 83       	st	Z, r24
		Prescaler = 1;
     20e:	c1 e0       	ldi	r28, 0x01	; 1
		break;
	}
	
	TWBR = ((F_CPU/SCL_Clock)-16)/(2*Prescaler); // Calcular y asignar la velocidad
     210:	60 e0       	ldi	r22, 0x00	; 0
     212:	74 e2       	ldi	r23, 0x24	; 36
     214:	84 ef       	ldi	r24, 0xF4	; 244
     216:	90 e0       	ldi	r25, 0x00	; 0
     218:	a9 01       	movw	r20, r18
     21a:	98 01       	movw	r18, r16
     21c:	0e 94 cf 07 	call	0xf9e	; 0xf9e <__udivmodsi4>
     220:	ca 01       	movw	r24, r20
     222:	b9 01       	movw	r22, r18
     224:	60 51       	subi	r22, 0x10	; 16
     226:	71 09       	sbc	r23, r1
     228:	81 09       	sbc	r24, r1
     22a:	91 09       	sbc	r25, r1
     22c:	4c 2f       	mov	r20, r28
     22e:	50 e0       	ldi	r21, 0x00	; 0
     230:	9a 01       	movw	r18, r20
     232:	22 0f       	add	r18, r18
     234:	33 1f       	adc	r19, r19
     236:	03 2e       	mov	r0, r19
     238:	00 0c       	add	r0, r0
     23a:	44 0b       	sbc	r20, r20
     23c:	55 0b       	sbc	r21, r21
     23e:	0e 94 cf 07 	call	0xf9e	; 0xf9e <__udivmodsi4>
     242:	20 93 b8 00 	sts	0x00B8, r18	; 0x8000b8 <__TEXT_REGION_LENGTH__+0x7f80b8>
	TWCR |= (1 << TWEN); // Activar la interface (TWI) I2C
     246:	ec eb       	ldi	r30, 0xBC	; 188
     248:	f0 e0       	ldi	r31, 0x00	; 0
     24a:	80 81       	ld	r24, Z
     24c:	84 60       	ori	r24, 0x04	; 4
     24e:	80 83       	st	Z, r24
}
     250:	cf 91       	pop	r28
     252:	1f 91       	pop	r17
     254:	0f 91       	pop	r16
     256:	08 95       	ret

00000258 <I2C_Master_Start>:

uint8_t I2C_Master_Start(void){
	TWCR = (1 << TWINT) | (1 << TWSTA) | (1 << TWEN);
     258:	84 ea       	ldi	r24, 0xA4	; 164
     25a:	80 93 bc 00 	sts	0x00BC, r24	; 0x8000bc <__TEXT_REGION_LENGTH__+0x7f80bc>
	
	while (!(TWCR & (1 << TWINT))); // Espera a que la bander encienda
     25e:	80 91 bc 00 	lds	r24, 0x00BC	; 0x8000bc <__TEXT_REGION_LENGTH__+0x7f80bc>
     262:	88 23       	and	r24, r24
     264:	e4 f7       	brge	.-8      	; 0x25e <I2C_Master_Start+0x6>
	return ((TWSR & 0xF8) == 0x08); // Nos interesa unicamente los bits de estado
     266:	90 91 b9 00 	lds	r25, 0x00B9	; 0x8000b9 <__TEXT_REGION_LENGTH__+0x7f80b9>
     26a:	98 7f       	andi	r25, 0xF8	; 248
     26c:	81 e0       	ldi	r24, 0x01	; 1
     26e:	98 30       	cpi	r25, 0x08	; 8
     270:	09 f0       	breq	.+2      	; 0x274 <I2C_Master_Start+0x1c>
     272:	80 e0       	ldi	r24, 0x00	; 0
}
     274:	08 95       	ret

00000276 <I2C_Master_RepeatedStart>:

uint8_t I2C_Master_RepeatedStart(void){
	TWCR = (1 << TWINT) | (1 << TWSTA) | (1 << TWEN);
     276:	84 ea       	ldi	r24, 0xA4	; 164
     278:	80 93 bc 00 	sts	0x00BC, r24	; 0x8000bc <__TEXT_REGION_LENGTH__+0x7f80bc>
	
	while (!(TWCR & (1 << TWINT))); // Espera a que la bander encienda
     27c:	80 91 bc 00 	lds	r24, 0x00BC	; 0x8000bc <__TEXT_REGION_LENGTH__+0x7f80bc>
     280:	88 23       	and	r24, r24
     282:	e4 f7       	brge	.-8      	; 0x27c <I2C_Master_RepeatedStart+0x6>
	
	return ((TWSR & 0xF8) == 0x10); // Nos interesa unicamente los bits de estado
     284:	90 91 b9 00 	lds	r25, 0x00B9	; 0x8000b9 <__TEXT_REGION_LENGTH__+0x7f80b9>
     288:	98 7f       	andi	r25, 0xF8	; 248
     28a:	81 e0       	ldi	r24, 0x01	; 1
     28c:	90 31       	cpi	r25, 0x10	; 16
     28e:	09 f0       	breq	.+2      	; 0x292 <I2C_Master_RepeatedStart+0x1c>
     290:	80 e0       	ldi	r24, 0x00	; 0
}
     292:	08 95       	ret

00000294 <I2C_Master_stop>:

void I2C_Master_stop(void){
	TWCR = (1 << TWEN) | (1 << TWINT) | (1 << TWSTO);
     294:	84 e9       	ldi	r24, 0x94	; 148
     296:	80 93 bc 00 	sts	0x00BC, r24	; 0x8000bc <__TEXT_REGION_LENGTH__+0x7f80bc>
	while (TWCR & (1 << TWSTO)); // Esperamos a que se limpie el bit
     29a:	80 91 bc 00 	lds	r24, 0x00BC	; 0x8000bc <__TEXT_REGION_LENGTH__+0x7f80bc>
     29e:	84 fd       	sbrc	r24, 4
     2a0:	fc cf       	rjmp	.-8      	; 0x29a <I2C_Master_stop+0x6>
	
}
     2a2:	08 95       	ret

000002a4 <I2C_Master_Write>:

uint8_t I2C_Master_Write(uint8_t dato){
	uint8_t estado;
	
	TWDR = dato; // Cargar el dato al registro para mandar al esclavo
     2a4:	80 93 bb 00 	sts	0x00BB, r24	; 0x8000bb <__TEXT_REGION_LENGTH__+0x7f80bb>
	TWCR = (1 << TWEN) | (1 << TWINT); // Inicial la secuencia de envio
     2a8:	84 e8       	ldi	r24, 0x84	; 132
     2aa:	80 93 bc 00 	sts	0x00BC, r24	; 0x8000bc <__TEXT_REGION_LENGTH__+0x7f80bc>
	
	while (!(TWCR & (1 << TWINT))); // Esperar a que se limpie la bandera 
     2ae:	80 91 bc 00 	lds	r24, 0x00BC	; 0x8000bc <__TEXT_REGION_LENGTH__+0x7f80bc>
     2b2:	88 23       	and	r24, r24
     2b4:	e4 f7       	brge	.-8      	; 0x2ae <I2C_Master_Write+0xa>
	
	estado = TWSR & 0xF8;
     2b6:	80 91 b9 00 	lds	r24, 0x00B9	; 0x8000b9 <__TEXT_REGION_LENGTH__+0x7f80b9>
     2ba:	88 7f       	andi	r24, 0xF8	; 248
	
	// Verificar si se transmitio una SLA + W con ACK o un dato con ACK
	if (estado == 0x18 || estado == 0x28){
     2bc:	88 31       	cpi	r24, 0x18	; 24
     2be:	21 f0       	breq	.+8      	; 0x2c8 <I2C_Master_Write+0x24>
     2c0:	88 32       	cpi	r24, 0x28	; 40
     2c2:	19 f4       	brne	.+6      	; 0x2ca <I2C_Master_Write+0x26>
		return 1;
     2c4:	81 e0       	ldi	r24, 0x01	; 1
     2c6:	08 95       	ret
     2c8:	81 e0       	ldi	r24, 0x01	; 1
	}else{
		return estado;
	}
		
}
     2ca:	08 95       	ret

000002cc <I2C_Master_Read>:

uint8_t I2C_Master_Read(uint8_t *buffer, uint8_t ack){
     2cc:	fc 01       	movw	r30, r24
	uint8_t estado;
	
	if(ack){
     2ce:	66 23       	and	r22, r22
     2d0:	21 f0       	breq	.+8      	; 0x2da <I2C_Master_Read+0xe>
		// ACK, lo interpretamos como que quiero mas valores
		TWCR = (1 << TWINT) | (1 << TWEN) | (1 << TWEA);	
     2d2:	84 ec       	ldi	r24, 0xC4	; 196
     2d4:	80 93 bc 00 	sts	0x00BC, r24	; 0x8000bc <__TEXT_REGION_LENGTH__+0x7f80bc>
     2d8:	03 c0       	rjmp	.+6      	; 0x2e0 <I2C_Master_Read+0x14>
	}else{	
		// NACK: ultimo byte
		TWCR = (1 << TWINT) | (1 << TWEN);
     2da:	84 e8       	ldi	r24, 0x84	; 132
     2dc:	80 93 bc 00 	sts	0x00BC, r24	; 0x8000bc <__TEXT_REGION_LENGTH__+0x7f80bc>
	}
	while (!(TWCR & (1 << TWINT))); // Esperamos el flag de la interrupcion
     2e0:	90 91 bc 00 	lds	r25, 0x00BC	; 0x8000bc <__TEXT_REGION_LENGTH__+0x7f80bc>
     2e4:	99 23       	and	r25, r25
     2e6:	e4 f7       	brge	.-8      	; 0x2e0 <I2C_Master_Read+0x14>
	estado = TWSR & 0xF8;
     2e8:	90 91 b9 00 	lds	r25, 0x00B9	; 0x8000b9 <__TEXT_REGION_LENGTH__+0x7f80b9>
     2ec:	98 7f       	andi	r25, 0xF8	; 248
	
	// Verificar si se recicbio el dato con ACK o NACK
	if (ack && estado != 0x50) return 0;
     2ee:	66 23       	and	r22, r22
     2f0:	11 f0       	breq	.+4      	; 0x2f6 <I2C_Master_Read+0x2a>
     2f2:	90 35       	cpi	r25, 0x50	; 80
     2f4:	49 f4       	brne	.+18     	; 0x308 <I2C_Master_Read+0x3c>
	if (!ack && estado != 0x58) return 0;
     2f6:	61 11       	cpse	r22, r1
     2f8:	02 c0       	rjmp	.+4      	; 0x2fe <I2C_Master_Read+0x32>
     2fa:	98 35       	cpi	r25, 0x58	; 88
     2fc:	39 f4       	brne	.+14     	; 0x30c <I2C_Master_Read+0x40>
	
	*buffer = TWDR;
     2fe:	80 91 bb 00 	lds	r24, 0x00BB	; 0x8000bb <__TEXT_REGION_LENGTH__+0x7f80bb>
     302:	80 83       	st	Z, r24
	return 1;
     304:	81 e0       	ldi	r24, 0x01	; 1
     306:	08 95       	ret
	}
	while (!(TWCR & (1 << TWINT))); // Esperamos el flag de la interrupcion
	estado = TWSR & 0xF8;
	
	// Verificar si se recicbio el dato con ACK o NACK
	if (ack && estado != 0x50) return 0;
     308:	80 e0       	ldi	r24, 0x00	; 0
     30a:	08 95       	ret
	if (!ack && estado != 0x58) return 0;
     30c:	80 e0       	ldi	r24, 0x00	; 0
	
	*buffer = TWDR;
	return 1;
}
     30e:	08 95       	ret

00000310 <LCD_Port8>:
	LCD_CMD8(0X0C);
	
}

void LCD_Port8(char a){
	uint8_t puerto_d = (a & 0b00111111) << 2;
     310:	28 2f       	mov	r18, r24
     312:	30 e0       	ldi	r19, 0x00	; 0
     314:	22 0f       	add	r18, r18
     316:	33 1f       	adc	r19, r19
     318:	22 0f       	add	r18, r18
     31a:	33 1f       	adc	r19, r19
	uint8_t puerto_b = (a & 0b11000000) >> 6; // M?scara para conservar ?nicamente los ?ltimos 2 bits
     31c:	82 95       	swap	r24
     31e:	86 95       	lsr	r24
     320:	86 95       	lsr	r24
     322:	83 70       	andi	r24, 0x03	; 3
	
	PORTD = (PORTD & 0b00000011) | puerto_d;
     324:	9b b1       	in	r25, 0x0b	; 11
     326:	93 70       	andi	r25, 0x03	; 3
     328:	29 2b       	or	r18, r25
     32a:	2b b9       	out	0x0b, r18	; 11
	PORTB = (PORTB & 0b11111100) | puerto_b;
     32c:	95 b1       	in	r25, 0x05	; 5
     32e:	9c 7f       	andi	r25, 0xFC	; 252
     330:	89 2b       	or	r24, r25
     332:	85 b9       	out	0x05, r24	; 5
     334:	08 95       	ret

00000336 <LCD_CMD8>:
	
}

void LCD_CMD8(char a){
	// Poner el pin RS en cero para que la pantalla detecte los comandos
	PORTC &= ~(1 << PORTC0);
     336:	98 b1       	in	r25, 0x08	; 8
     338:	9e 7f       	andi	r25, 0xFE	; 254
     33a:	98 b9       	out	0x08, r25	; 8
	
	// Escribir en el puerto
	LCD_Port8(a);
     33c:	0e 94 88 01 	call	0x310	; 0x310 <LCD_Port8>
	// Encender EN
	PORTC |= (1 << PORTC2);
     340:	88 b1       	in	r24, 0x08	; 8
     342:	84 60       	ori	r24, 0x04	; 4
     344:	88 b9       	out	0x08, r24	; 8
	#else
		//round up by default
		__ticks_dc = (uint32_t)(ceil(fabs(__tmp)));
	#endif

	__builtin_avr_delay_cycles(__ticks_dc);
     346:	8f e9       	ldi	r24, 0x9F	; 159
     348:	9f e0       	ldi	r25, 0x0F	; 15
     34a:	01 97       	sbiw	r24, 0x01	; 1
     34c:	f1 f7       	brne	.-4      	; 0x34a <LCD_CMD8+0x14>
     34e:	00 c0       	rjmp	.+0      	; 0x350 <LCD_CMD8+0x1a>
     350:	00 00       	nop
	_delay_ms(1);
	// Descativamos EN para que se termine de ejecutar la acci?n
	PORTC &= ~(1 << PORTC2);
     352:	88 b1       	in	r24, 0x08	; 8
     354:	8b 7f       	andi	r24, 0xFB	; 251
     356:	88 b9       	out	0x08, r24	; 8
     358:	08 95       	ret

0000035a <init_LCD8>:


void init_LCD8(){
	// Inicializar pines de salida para el LCD
	// PORTD 2-7
	DDRD |= (1<<PORTD2) | (1<<PORTD3) | (1<<PORTD4) | (1<<PORTD5) | (1<<PORTD6) | (1<<PORTD7);
     35a:	8a b1       	in	r24, 0x0a	; 10
     35c:	8c 6f       	ori	r24, 0xFC	; 252
     35e:	8a b9       	out	0x0a, r24	; 10
	PORTD &= ~((1<<PORTD2) | (1<<PORTD3) | (1<<PORTD4) | (1<<PORTD5) | (1<<PORTD6) | (1<<PORTD7));
     360:	8b b1       	in	r24, 0x0b	; 11
     362:	83 70       	andi	r24, 0x03	; 3
     364:	8b b9       	out	0x0b, r24	; 11
	// PORTB 0-1
	DDRB |= (1<<PORTB0) | (1 << PORTB1);
     366:	84 b1       	in	r24, 0x04	; 4
     368:	83 60       	ori	r24, 0x03	; 3
     36a:	84 b9       	out	0x04, r24	; 4
	PORTB &= ~((1<<PORTB0) | (1 << PORTB1));
     36c:	85 b1       	in	r24, 0x05	; 5
     36e:	8c 7f       	andi	r24, 0xFC	; 252
     370:	85 b9       	out	0x05, r24	; 5
	
	//Incializar pines de l?gica PORTC
	DDRC |= (1 << PORTC0) | (1 << PORTC1) | (1 << PORTC2);
     372:	87 b1       	in	r24, 0x07	; 7
     374:	87 60       	ori	r24, 0x07	; 7
     376:	87 b9       	out	0x07, r24	; 7
	PORTC &= ~((1 << PORTC0) | (1 << PORTC1) | (1 << PORTC2));
     378:	88 b1       	in	r24, 0x08	; 8
     37a:	88 7f       	andi	r24, 0xF8	; 248
     37c:	88 b9       	out	0x08, r24	; 8
	
	// Empezamos a configurar la pantalla
	LCD_Port8(0x00);
     37e:	80 e0       	ldi	r24, 0x00	; 0
     380:	0e 94 88 01 	call	0x310	; 0x310 <LCD_Port8>
     384:	2f ef       	ldi	r18, 0xFF	; 255
     386:	89 ef       	ldi	r24, 0xF9	; 249
     388:	90 e0       	ldi	r25, 0x00	; 0
     38a:	21 50       	subi	r18, 0x01	; 1
     38c:	80 40       	sbci	r24, 0x00	; 0
     38e:	90 40       	sbci	r25, 0x00	; 0
     390:	e1 f7       	brne	.-8      	; 0x38a <init_LCD8+0x30>
     392:	00 c0       	rjmp	.+0      	; 0x394 <init_LCD8+0x3a>
     394:	00 00       	nop
	_delay_ms(20);
	
	LCD_CMD8(0x30);
     396:	80 e3       	ldi	r24, 0x30	; 48
     398:	0e 94 9b 01 	call	0x336	; 0x336 <LCD_CMD8>
     39c:	8f e1       	ldi	r24, 0x1F	; 31
     39e:	9e e4       	ldi	r25, 0x4E	; 78
     3a0:	01 97       	sbiw	r24, 0x01	; 1
     3a2:	f1 f7       	brne	.-4      	; 0x3a0 <init_LCD8+0x46>
     3a4:	00 c0       	rjmp	.+0      	; 0x3a6 <init_LCD8+0x4c>
     3a6:	00 00       	nop
	_delay_ms(5);
	LCD_CMD8(0x30);
     3a8:	80 e3       	ldi	r24, 0x30	; 48
     3aa:	0e 94 9b 01 	call	0x336	; 0x336 <LCD_CMD8>
     3ae:	8f e9       	ldi	r24, 0x9F	; 159
     3b0:	9f e0       	ldi	r25, 0x0F	; 15
     3b2:	01 97       	sbiw	r24, 0x01	; 1
     3b4:	f1 f7       	brne	.-4      	; 0x3b2 <init_LCD8+0x58>
     3b6:	00 c0       	rjmp	.+0      	; 0x3b8 <init_LCD8+0x5e>
     3b8:	00 00       	nop
	_delay_ms(1);
	LCD_CMD8(0x30);
     3ba:	80 e3       	ldi	r24, 0x30	; 48
     3bc:	0e 94 9b 01 	call	0x336	; 0x336 <LCD_CMD8>
     3c0:	8f e1       	ldi	r24, 0x1F	; 31
     3c2:	9e e4       	ldi	r25, 0x4E	; 78
     3c4:	01 97       	sbiw	r24, 0x01	; 1
     3c6:	f1 f7       	brne	.-4      	; 0x3c4 <init_LCD8+0x6a>
     3c8:	00 c0       	rjmp	.+0      	; 0x3ca <init_LCD8+0x70>
     3ca:	00 00       	nop
	_delay_ms(5);
	// Establecer funciones
	LCD_CMD8(0x38);
     3cc:	88 e3       	ldi	r24, 0x38	; 56
     3ce:	0e 94 9b 01 	call	0x336	; 0x336 <LCD_CMD8>
	LCD_CMD8(0x08);
     3d2:	88 e0       	ldi	r24, 0x08	; 8
     3d4:	0e 94 9b 01 	call	0x336	; 0x336 <LCD_CMD8>
	LCD_CMD8(0x01);
     3d8:	81 e0       	ldi	r24, 0x01	; 1
     3da:	0e 94 9b 01 	call	0x336	; 0x336 <LCD_CMD8>
	LCD_CMD8(0x06);
     3de:	86 e0       	ldi	r24, 0x06	; 6
     3e0:	0e 94 9b 01 	call	0x336	; 0x336 <LCD_CMD8>
	LCD_CMD8(0X0C);
     3e4:	8c e0       	ldi	r24, 0x0C	; 12
     3e6:	0e 94 9b 01 	call	0x336	; 0x336 <LCD_CMD8>
     3ea:	08 95       	ret

000003ec <LCD_Write_Char8>:
	PORTC &= ~(1 << PORTC2);
}

void LCD_Write_Char8(char c){
	// Encender RS para mandar un dato
	PORTC |= (1<<PORTC0);
     3ec:	98 b1       	in	r25, 0x08	; 8
     3ee:	91 60       	ori	r25, 0x01	; 1
     3f0:	98 b9       	out	0x08, r25	; 8
	
	// Escribir el dato
	LCD_Port8(c);
     3f2:	0e 94 88 01 	call	0x310	; 0x310 <LCD_Port8>
	
	// Hacer la transisci?n de EN
	PORTC |= (1<<PORTC2);
     3f6:	88 b1       	in	r24, 0x08	; 8
     3f8:	84 60       	ori	r24, 0x04	; 4
     3fa:	88 b9       	out	0x08, r24	; 8
	#else
		//round up by default
		__ticks_dc = (uint32_t)(ceil(fabs(__tmp)));
	#endif

	__builtin_avr_delay_cycles(__ticks_dc);
     3fc:	8f e8       	ldi	r24, 0x8F	; 143
     3fe:	91 e0       	ldi	r25, 0x01	; 1
     400:	01 97       	sbiw	r24, 0x01	; 1
     402:	f1 f7       	brne	.-4      	; 0x400 <__EEPROM_REGION_LENGTH__>
     404:	00 c0       	rjmp	.+0      	; 0x406 <__EEPROM_REGION_LENGTH__+0x6>
     406:	00 00       	nop
	_delay_us(100);
	PORTC &= ~(1<<PORTC2);
     408:	88 b1       	in	r24, 0x08	; 8
     40a:	8b 7f       	andi	r24, 0xFB	; 251
     40c:	88 b9       	out	0x08, r24	; 8
     40e:	08 95       	ret

00000410 <LCD_Set_Cursor8>:
}

void LCD_Set_Cursor8(char c, char f){
	char temp;
	if (f == 1){
     410:	61 30       	cpi	r22, 0x01	; 1
     412:	21 f4       	brne	.+8      	; 0x41c <LCD_Set_Cursor8+0xc>
		temp = 0x80 + c - 1;
		LCD_CMD8(temp);
     414:	81 58       	subi	r24, 0x81	; 129
     416:	0e 94 9b 01 	call	0x336	; 0x336 <LCD_CMD8>
     41a:	08 95       	ret
	}else if (f == 2){
     41c:	62 30       	cpi	r22, 0x02	; 2
     41e:	19 f4       	brne	.+6      	; 0x426 <LCD_Set_Cursor8+0x16>
		temp = 0xC0 + c - 1;
		LCD_CMD8(temp);
     420:	81 54       	subi	r24, 0x41	; 65
     422:	0e 94 9b 01 	call	0x336	; 0x336 <LCD_CMD8>
     426:	08 95       	ret

00000428 <LCD_Write_String8>:
	}
}

void LCD_Write_String8(char *a){
     428:	0f 93       	push	r16
     42a:	1f 93       	push	r17
     42c:	cf 93       	push	r28
     42e:	df 93       	push	r29
     430:	8c 01       	movw	r16, r24
	int i;
	for (i = 0; a[i] != '\0'; i++){
     432:	c0 e0       	ldi	r28, 0x00	; 0
     434:	d0 e0       	ldi	r29, 0x00	; 0
     436:	03 c0       	rjmp	.+6      	; 0x43e <LCD_Write_String8+0x16>
		LCD_Write_Char8(a[i]);
     438:	0e 94 f6 01 	call	0x3ec	; 0x3ec <LCD_Write_Char8>
	}
}

void LCD_Write_String8(char *a){
	int i;
	for (i = 0; a[i] != '\0'; i++){
     43c:	21 96       	adiw	r28, 0x01	; 1
     43e:	f8 01       	movw	r30, r16
     440:	ec 0f       	add	r30, r28
     442:	fd 1f       	adc	r31, r29
     444:	80 81       	ld	r24, Z
     446:	81 11       	cpse	r24, r1
     448:	f7 cf       	rjmp	.-18     	; 0x438 <LCD_Write_String8+0x10>
		LCD_Write_Char8(a[i]);
	}
     44a:	df 91       	pop	r29
     44c:	cf 91       	pop	r28
     44e:	1f 91       	pop	r17
     450:	0f 91       	pop	r16
     452:	08 95       	ret

00000454 <setup>:
void leds(uint8_t a){
	uint8_t puerto_d = (a & 0b00111111) << 2;
	uint8_t puerto_b = (a & 0b11000000) >> 6; // M?scara para conservar ?nicamente los ?ltimos 2 bits
	
	PORTD = (PORTD & 0b00000011) | puerto_d;
	PORTB = (PORTB & 0b11111100) | puerto_b;
     454:	f8 94       	cli
     456:	84 b1       	in	r24, 0x04	; 4
     458:	80 61       	ori	r24, 0x10	; 16
     45a:	84 b9       	out	0x04, r24	; 4
     45c:	8a b1       	in	r24, 0x0a	; 10
     45e:	8c 6f       	ori	r24, 0xFC	; 252
     460:	8a b9       	out	0x0a, r24	; 10
     462:	8b b1       	in	r24, 0x0b	; 11
     464:	83 70       	andi	r24, 0x03	; 3
     466:	8b b9       	out	0x0b, r24	; 11
     468:	84 b1       	in	r24, 0x04	; 4
     46a:	83 60       	ori	r24, 0x03	; 3
     46c:	84 b9       	out	0x04, r24	; 4
     46e:	85 b1       	in	r24, 0x05	; 5
     470:	8c 7e       	andi	r24, 0xEC	; 236
     472:	85 b9       	out	0x05, r24	; 5
     474:	41 e0       	ldi	r20, 0x01	; 1
     476:	60 ea       	ldi	r22, 0xA0	; 160
     478:	76 e8       	ldi	r23, 0x86	; 134
     47a:	81 e0       	ldi	r24, 0x01	; 1
     47c:	90 e0       	ldi	r25, 0x00	; 0
     47e:	0e 94 d0 00 	call	0x1a0	; 0x1a0 <I2C_Master_Init>
     482:	0e 94 65 05 	call	0xaca	; 0xaca <initUART>
     486:	0e 94 ad 01 	call	0x35a	; 0x35a <init_LCD8>
     48a:	10 92 38 01 	sts	0x0138, r1	; 0x800138 <index_buffer>
     48e:	78 94       	sei
     490:	08 95       	ret

00000492 <main>:
     492:	cf 92       	push	r12
     494:	df 92       	push	r13
     496:	ef 92       	push	r14
     498:	ff 92       	push	r15
     49a:	0f 93       	push	r16
     49c:	1f 93       	push	r17
     49e:	cf 93       	push	r28
     4a0:	0e 94 2a 02 	call	0x454	; 0x454 <setup>
     4a4:	61 e0       	ldi	r22, 0x01	; 1
     4a6:	81 e0       	ldi	r24, 0x01	; 1
     4a8:	0e 94 08 02 	call	0x410	; 0x410 <LCD_Set_Cursor8>
     4ac:	80 e0       	ldi	r24, 0x00	; 0
     4ae:	91 e0       	ldi	r25, 0x01	; 1
     4b0:	0e 94 14 02 	call	0x428	; 0x428 <LCD_Write_String8>
     4b4:	62 e0       	ldi	r22, 0x02	; 2
     4b6:	83 e0       	ldi	r24, 0x03	; 3
     4b8:	0e 94 08 02 	call	0x410	; 0x410 <LCD_Set_Cursor8>
     4bc:	8f ed       	ldi	r24, 0xDF	; 223
     4be:	0e 94 f6 01 	call	0x3ec	; 0x3ec <LCD_Write_Char8>
     4c2:	83 e4       	ldi	r24, 0x43	; 67
     4c4:	0e 94 f6 01 	call	0x3ec	; 0x3ec <LCD_Write_Char8>
     4c8:	61 e0       	ldi	r22, 0x01	; 1
     4ca:	86 e0       	ldi	r24, 0x06	; 6
     4cc:	0e 94 08 02 	call	0x410	; 0x410 <LCD_Set_Cursor8>
     4d0:	84 e0       	ldi	r24, 0x04	; 4
     4d2:	91 e0       	ldi	r25, 0x01	; 1
     4d4:	0e 94 14 02 	call	0x428	; 0x428 <LCD_Write_String8>
     4d8:	62 e0       	ldi	r22, 0x02	; 2
     4da:	8a e0       	ldi	r24, 0x0A	; 10
     4dc:	0e 94 08 02 	call	0x410	; 0x410 <LCD_Set_Cursor8>
     4e0:	87 e6       	ldi	r24, 0x67	; 103
     4e2:	0e 94 f6 01 	call	0x3ec	; 0x3ec <LCD_Write_Char8>
     4e6:	61 e0       	ldi	r22, 0x01	; 1
     4e8:	8c e0       	ldi	r24, 0x0C	; 12
     4ea:	0e 94 08 02 	call	0x410	; 0x410 <LCD_Set_Cursor8>
     4ee:	88 e0       	ldi	r24, 0x08	; 8
     4f0:	91 e0       	ldi	r25, 0x01	; 1
     4f2:	0e 94 14 02 	call	0x428	; 0x428 <LCD_Write_String8>
     4f6:	0e 94 2c 01 	call	0x258	; 0x258 <I2C_Master_Start>
     4fa:	80 e7       	ldi	r24, 0x70	; 112
     4fc:	0e 94 52 01 	call	0x2a4	; 0x2a4 <I2C_Master_Write>
     500:	81 ee       	ldi	r24, 0xE1	; 225
     502:	0e 94 52 01 	call	0x2a4	; 0x2a4 <I2C_Master_Write>
     506:	88 e0       	ldi	r24, 0x08	; 8
     508:	0e 94 52 01 	call	0x2a4	; 0x2a4 <I2C_Master_Write>
     50c:	80 e0       	ldi	r24, 0x00	; 0
     50e:	0e 94 52 01 	call	0x2a4	; 0x2a4 <I2C_Master_Write>
     512:	0e 94 4a 01 	call	0x294	; 0x294 <I2C_Master_stop>
     516:	0e 94 2c 01 	call	0x258	; 0x258 <I2C_Master_Start>
     51a:	88 23       	and	r24, r24
     51c:	09 f4       	brne	.+2      	; 0x520 <main+0x8e>
     51e:	43 c2       	rjmp	.+1158   	; 0x9a6 <__stack+0xa7>
     520:	80 e6       	ldi	r24, 0x60	; 96
     522:	0e 94 52 01 	call	0x2a4	; 0x2a4 <I2C_Master_Write>
     526:	81 11       	cpse	r24, r1
     528:	03 c0       	rjmp	.+6      	; 0x530 <main+0x9e>
     52a:	0e 94 4a 01 	call	0x294	; 0x294 <I2C_Master_stop>
     52e:	3b c2       	rjmp	.+1142   	; 0x9a6 <__stack+0xa7>
     530:	82 e5       	ldi	r24, 0x52	; 82
     532:	0e 94 52 01 	call	0x2a4	; 0x2a4 <I2C_Master_Write>
     536:	0e 94 3b 01 	call	0x276	; 0x276 <I2C_Master_RepeatedStart>
     53a:	81 11       	cpse	r24, r1
     53c:	03 c0       	rjmp	.+6      	; 0x544 <main+0xb2>
     53e:	0e 94 4a 01 	call	0x294	; 0x294 <I2C_Master_stop>
     542:	31 c2       	rjmp	.+1122   	; 0x9a6 <__stack+0xa7>
     544:	81 e6       	ldi	r24, 0x61	; 97
     546:	0e 94 52 01 	call	0x2a4	; 0x2a4 <I2C_Master_Write>
     54a:	81 11       	cpse	r24, r1
     54c:	03 c0       	rjmp	.+6      	; 0x554 <main+0xc2>
     54e:	0e 94 4a 01 	call	0x294	; 0x294 <I2C_Master_stop>
     552:	29 c2       	rjmp	.+1106   	; 0x9a6 <__stack+0xa7>
     554:	60 e0       	ldi	r22, 0x00	; 0
     556:	82 e2       	ldi	r24, 0x22	; 34
     558:	91 e0       	ldi	r25, 0x01	; 1
     55a:	0e 94 66 01 	call	0x2cc	; 0x2cc <I2C_Master_Read>
     55e:	60 91 22 01 	lds	r22, 0x0122	; 0x800122 <bufferI2C>
     562:	60 93 14 01 	sts	0x0114, r22	; 0x800114 <__data_end>
     566:	70 e0       	ldi	r23, 0x00	; 0
     568:	80 e0       	ldi	r24, 0x00	; 0
     56a:	90 e0       	ldi	r25, 0x00	; 0
     56c:	0e 94 ab 06 	call	0xd56	; 0xd56 <__floatunsisf>
     570:	0d e3       	ldi	r16, 0x3D	; 61
     572:	11 e0       	ldi	r17, 0x01	; 1
     574:	20 e0       	ldi	r18, 0x00	; 0
     576:	41 e0       	ldi	r20, 0x01	; 1
     578:	0e 94 f1 07 	call	0xfe2	; 0xfe2 <dtostrf>
     57c:	62 e0       	ldi	r22, 0x02	; 2
     57e:	81 e0       	ldi	r24, 0x01	; 1
     580:	0e 94 08 02 	call	0x410	; 0x410 <LCD_Set_Cursor8>
     584:	c8 01       	movw	r24, r16
     586:	0e 94 14 02 	call	0x428	; 0x428 <LCD_Write_String8>
     58a:	8c e0       	ldi	r24, 0x0C	; 12
     58c:	91 e0       	ldi	r25, 0x01	; 1
     58e:	0e 94 85 05 	call	0xb0a	; 0xb0a <writeString>
     592:	c8 01       	movw	r24, r16
     594:	0e 94 85 05 	call	0xb0a	; 0xb0a <writeString>
     598:	8e e0       	ldi	r24, 0x0E	; 14
     59a:	91 e0       	ldi	r25, 0x01	; 1
     59c:	0e 94 85 05 	call	0xb0a	; 0xb0a <writeString>
     5a0:	0e 94 3b 01 	call	0x276	; 0x276 <I2C_Master_RepeatedStart>
     5a4:	81 11       	cpse	r24, r1
     5a6:	03 c0       	rjmp	.+6      	; 0x5ae <main+0x11c>
     5a8:	0e 94 4a 01 	call	0x294	; 0x294 <I2C_Master_stop>
     5ac:	fc c1       	rjmp	.+1016   	; 0x9a6 <__stack+0xa7>
     5ae:	80 e6       	ldi	r24, 0x60	; 96
     5b0:	0e 94 52 01 	call	0x2a4	; 0x2a4 <I2C_Master_Write>
     5b4:	81 11       	cpse	r24, r1
     5b6:	03 c0       	rjmp	.+6      	; 0x5be <main+0x12c>
     5b8:	0e 94 4a 01 	call	0x294	; 0x294 <I2C_Master_stop>
     5bc:	f4 c1       	rjmp	.+1000   	; 0x9a6 <__stack+0xa7>
     5be:	86 e5       	ldi	r24, 0x56	; 86
     5c0:	0e 94 52 01 	call	0x2a4	; 0x2a4 <I2C_Master_Write>
     5c4:	80 91 15 01 	lds	r24, 0x0115	; 0x800115 <pwm>
     5c8:	0e 94 52 01 	call	0x2a4	; 0x2a4 <I2C_Master_Write>
     5cc:	0e 94 4a 01 	call	0x294	; 0x294 <I2C_Master_stop>
     5d0:	0e 94 2c 01 	call	0x258	; 0x258 <I2C_Master_Start>
     5d4:	88 23       	and	r24, r24
     5d6:	09 f4       	brne	.+2      	; 0x5da <main+0x148>
     5d8:	e6 c1       	rjmp	.+972    	; 0x9a6 <__stack+0xa7>
     5da:	80 e8       	ldi	r24, 0x80	; 128
     5dc:	0e 94 52 01 	call	0x2a4	; 0x2a4 <I2C_Master_Write>
     5e0:	81 11       	cpse	r24, r1
     5e2:	03 c0       	rjmp	.+6      	; 0x5ea <main+0x158>
     5e4:	0e 94 4a 01 	call	0x294	; 0x294 <I2C_Master_stop>
     5e8:	de c1       	rjmp	.+956    	; 0x9a6 <__stack+0xa7>
     5ea:	82 e5       	ldi	r24, 0x52	; 82
     5ec:	0e 94 52 01 	call	0x2a4	; 0x2a4 <I2C_Master_Write>
     5f0:	0e 94 3b 01 	call	0x276	; 0x276 <I2C_Master_RepeatedStart>
     5f4:	81 11       	cpse	r24, r1
     5f6:	03 c0       	rjmp	.+6      	; 0x5fe <main+0x16c>
     5f8:	0e 94 4a 01 	call	0x294	; 0x294 <I2C_Master_stop>
     5fc:	d4 c1       	rjmp	.+936    	; 0x9a6 <__stack+0xa7>
     5fe:	81 e8       	ldi	r24, 0x81	; 129
     600:	0e 94 52 01 	call	0x2a4	; 0x2a4 <I2C_Master_Write>
     604:	81 11       	cpse	r24, r1
     606:	03 c0       	rjmp	.+6      	; 0x60e <main+0x17c>
     608:	0e 94 4a 01 	call	0x294	; 0x294 <I2C_Master_stop>
     60c:	cc c1       	rjmp	.+920    	; 0x9a6 <__stack+0xa7>
     60e:	61 e0       	ldi	r22, 0x01	; 1
     610:	82 e2       	ldi	r24, 0x22	; 34
     612:	91 e0       	ldi	r25, 0x01	; 1
     614:	0e 94 66 01 	call	0x2cc	; 0x2cc <I2C_Master_Read>
     618:	80 91 22 01 	lds	r24, 0x0122	; 0x800122 <bufferI2C>
     61c:	80 93 1b 01 	sts	0x011B, r24	; 0x80011b <pesoMSB>
     620:	60 e0       	ldi	r22, 0x00	; 0
     622:	82 e2       	ldi	r24, 0x22	; 34
     624:	91 e0       	ldi	r25, 0x01	; 1
     626:	0e 94 66 01 	call	0x2cc	; 0x2cc <I2C_Master_Read>
     62a:	80 91 22 01 	lds	r24, 0x0122	; 0x800122 <bufferI2C>
     62e:	80 93 1a 01 	sts	0x011A, r24	; 0x80011a <pesoLSB>
     632:	60 91 1b 01 	lds	r22, 0x011B	; 0x80011b <pesoMSB>
     636:	70 e0       	ldi	r23, 0x00	; 0
     638:	76 2f       	mov	r23, r22
     63a:	66 27       	eor	r22, r22
     63c:	68 2b       	or	r22, r24
     63e:	80 e0       	ldi	r24, 0x00	; 0
     640:	90 e0       	ldi	r25, 0x00	; 0
     642:	0e 94 ab 06 	call	0xd56	; 0xd56 <__floatunsisf>
     646:	60 93 16 01 	sts	0x0116, r22	; 0x800116 <peso>
     64a:	70 93 17 01 	sts	0x0117, r23	; 0x800117 <peso+0x1>
     64e:	80 93 18 01 	sts	0x0118, r24	; 0x800118 <peso+0x2>
     652:	90 93 19 01 	sts	0x0119, r25	; 0x800119 <peso+0x3>
     656:	20 91 21 01 	lds	r18, 0x0121	; 0x800121 <bandera_modo>
     65a:	22 23       	and	r18, r18
     65c:	49 f1       	breq	.+82     	; 0x6b0 <main+0x21e>
     65e:	80 91 1f 01 	lds	r24, 0x011F	; 0x80011f <caso_manual_stepper>
     662:	81 30       	cpi	r24, 0x01	; 1
     664:	59 f0       	breq	.+22     	; 0x67c <main+0x1ea>
     666:	28 f0       	brcs	.+10     	; 0x672 <main+0x1e0>
     668:	82 30       	cpi	r24, 0x02	; 2
     66a:	79 f0       	breq	.+30     	; 0x68a <main+0x1f8>
     66c:	83 30       	cpi	r24, 0x03	; 3
     66e:	a1 f0       	breq	.+40     	; 0x698 <main+0x206>
     670:	1a c0       	rjmp	.+52     	; 0x6a6 <main+0x214>
     672:	10 92 1e 01 	sts	0x011E, r1	; 0x80011e <pasos16+0x1>
     676:	10 92 1d 01 	sts	0x011D, r1	; 0x80011d <pasos16>
     67a:	39 c0       	rjmp	.+114    	; 0x6ee <main+0x25c>
     67c:	8a ea       	ldi	r24, 0xAA	; 170
     67e:	90 e0       	ldi	r25, 0x00	; 0
     680:	90 93 1e 01 	sts	0x011E, r25	; 0x80011e <pasos16+0x1>
     684:	80 93 1d 01 	sts	0x011D, r24	; 0x80011d <pasos16>
     688:	32 c0       	rjmp	.+100    	; 0x6ee <main+0x25c>
     68a:	85 e5       	ldi	r24, 0x55	; 85
     68c:	91 e0       	ldi	r25, 0x01	; 1
     68e:	90 93 1e 01 	sts	0x011E, r25	; 0x80011e <pasos16+0x1>
     692:	80 93 1d 01 	sts	0x011D, r24	; 0x80011d <pasos16>
     696:	2b c0       	rjmp	.+86     	; 0x6ee <main+0x25c>
     698:	80 e0       	ldi	r24, 0x00	; 0
     69a:	92 e0       	ldi	r25, 0x02	; 2
     69c:	90 93 1e 01 	sts	0x011E, r25	; 0x80011e <pasos16+0x1>
     6a0:	80 93 1d 01 	sts	0x011D, r24	; 0x80011d <pasos16>
     6a4:	24 c0       	rjmp	.+72     	; 0x6ee <main+0x25c>
     6a6:	10 92 1e 01 	sts	0x011E, r1	; 0x80011e <pasos16+0x1>
     6aa:	10 92 1d 01 	sts	0x011D, r1	; 0x80011d <pasos16>
     6ae:	1f c0       	rjmp	.+62     	; 0x6ee <main+0x25c>
     6b0:	0e 94 7c 06 	call	0xcf8	; 0xcf8 <__fixunssfsi>
     6b4:	05 2e       	mov	r0, r21
     6b6:	59 e0       	ldi	r21, 0x09	; 9
     6b8:	66 0f       	add	r22, r22
     6ba:	77 1f       	adc	r23, r23
     6bc:	88 1f       	adc	r24, r24
     6be:	99 1f       	adc	r25, r25
     6c0:	5a 95       	dec	r21
     6c2:	d1 f7       	brne	.-12     	; 0x6b8 <main+0x226>
     6c4:	50 2d       	mov	r21, r0
     6c6:	24 ef       	ldi	r18, 0xF4	; 244
     6c8:	31 e0       	ldi	r19, 0x01	; 1
     6ca:	40 e0       	ldi	r20, 0x00	; 0
     6cc:	50 e0       	ldi	r21, 0x00	; 0
     6ce:	0e 94 cf 07 	call	0xf9e	; 0xf9e <__udivmodsi4>
     6d2:	21 15       	cp	r18, r1
     6d4:	82 e0       	ldi	r24, 0x02	; 2
     6d6:	38 07       	cpc	r19, r24
     6d8:	41 05       	cpc	r20, r1
     6da:	51 05       	cpc	r21, r1
     6dc:	20 f0       	brcs	.+8      	; 0x6e6 <main+0x254>
     6de:	20 e0       	ldi	r18, 0x00	; 0
     6e0:	32 e0       	ldi	r19, 0x02	; 2
     6e2:	40 e0       	ldi	r20, 0x00	; 0
     6e4:	50 e0       	ldi	r21, 0x00	; 0
     6e6:	30 93 1e 01 	sts	0x011E, r19	; 0x80011e <pasos16+0x1>
     6ea:	20 93 1d 01 	sts	0x011D, r18	; 0x80011d <pasos16>
     6ee:	0e 94 3b 01 	call	0x276	; 0x276 <I2C_Master_RepeatedStart>
     6f2:	81 11       	cpse	r24, r1
     6f4:	03 c0       	rjmp	.+6      	; 0x6fc <main+0x26a>
     6f6:	0e 94 4a 01 	call	0x294	; 0x294 <I2C_Master_stop>
     6fa:	55 c1       	rjmp	.+682    	; 0x9a6 <__stack+0xa7>
     6fc:	80 e8       	ldi	r24, 0x80	; 128
     6fe:	0e 94 52 01 	call	0x2a4	; 0x2a4 <I2C_Master_Write>
     702:	81 11       	cpse	r24, r1
     704:	03 c0       	rjmp	.+6      	; 0x70c <main+0x27a>
     706:	0e 94 4a 01 	call	0x294	; 0x294 <I2C_Master_stop>
     70a:	4d c1       	rjmp	.+666    	; 0x9a6 <__stack+0xa7>
     70c:	83 e5       	ldi	r24, 0x53	; 83
     70e:	0e 94 52 01 	call	0x2a4	; 0x2a4 <I2C_Master_Write>
     712:	80 91 1e 01 	lds	r24, 0x011E	; 0x80011e <pasos16+0x1>
     716:	0e 94 52 01 	call	0x2a4	; 0x2a4 <I2C_Master_Write>
     71a:	80 91 1d 01 	lds	r24, 0x011D	; 0x80011d <pasos16>
     71e:	0e 94 52 01 	call	0x2a4	; 0x2a4 <I2C_Master_Write>
     722:	80 e5       	ldi	r24, 0x50	; 80
     724:	0e 94 52 01 	call	0x2a4	; 0x2a4 <I2C_Master_Write>
     728:	80 91 21 01 	lds	r24, 0x0121	; 0x800121 <bandera_modo>
     72c:	88 23       	and	r24, r24
     72e:	61 f0       	breq	.+24     	; 0x748 <main+0x2b6>
     730:	80 91 20 01 	lds	r24, 0x0120	; 0x800120 <bandera_servo>
     734:	88 23       	and	r24, r24
     736:	21 f0       	breq	.+8      	; 0x740 <main+0x2ae>
     738:	81 e0       	ldi	r24, 0x01	; 1
     73a:	0e 94 52 01 	call	0x2a4	; 0x2a4 <I2C_Master_Write>
     73e:	0f c0       	rjmp	.+30     	; 0x75e <main+0x2cc>
     740:	80 e0       	ldi	r24, 0x00	; 0
     742:	0e 94 52 01 	call	0x2a4	; 0x2a4 <I2C_Master_Write>
     746:	0b c0       	rjmp	.+22     	; 0x75e <main+0x2cc>
     748:	80 91 14 01 	lds	r24, 0x0114	; 0x800114 <__data_end>
     74c:	8f 31       	cpi	r24, 0x1F	; 31
     74e:	20 f4       	brcc	.+8      	; 0x758 <main+0x2c6>
     750:	80 e0       	ldi	r24, 0x00	; 0
     752:	0e 94 52 01 	call	0x2a4	; 0x2a4 <I2C_Master_Write>
     756:	03 c0       	rjmp	.+6      	; 0x75e <main+0x2cc>
     758:	81 e0       	ldi	r24, 0x01	; 1
     75a:	0e 94 52 01 	call	0x2a4	; 0x2a4 <I2C_Master_Write>
     75e:	0e 94 4a 01 	call	0x294	; 0x294 <I2C_Master_stop>
     762:	60 91 16 01 	lds	r22, 0x0116	; 0x800116 <peso>
     766:	70 91 17 01 	lds	r23, 0x0117	; 0x800117 <peso+0x1>
     76a:	80 91 18 01 	lds	r24, 0x0118	; 0x800118 <peso+0x2>
     76e:	90 91 19 01 	lds	r25, 0x0119	; 0x800119 <peso+0x3>
     772:	0d e3       	ldi	r16, 0x3D	; 61
     774:	11 e0       	ldi	r17, 0x01	; 1
     776:	20 e0       	ldi	r18, 0x00	; 0
     778:	43 e0       	ldi	r20, 0x03	; 3
     77a:	0e 94 f1 07 	call	0xfe2	; 0xfe2 <dtostrf>
     77e:	62 e0       	ldi	r22, 0x02	; 2
     780:	86 e0       	ldi	r24, 0x06	; 6
     782:	0e 94 08 02 	call	0x410	; 0x410 <LCD_Set_Cursor8>
     786:	c8 01       	movw	r24, r16
     788:	0e 94 14 02 	call	0x428	; 0x428 <LCD_Write_String8>
     78c:	80 e1       	ldi	r24, 0x10	; 16
     78e:	91 e0       	ldi	r25, 0x01	; 1
     790:	0e 94 85 05 	call	0xb0a	; 0xb0a <writeString>
     794:	c8 01       	movw	r24, r16
     796:	0e 94 85 05 	call	0xb0a	; 0xb0a <writeString>
     79a:	8e e0       	ldi	r24, 0x0E	; 14
     79c:	91 e0       	ldi	r25, 0x01	; 1
     79e:	0e 94 85 05 	call	0xb0a	; 0xb0a <writeString>
     7a2:	0e 94 2c 01 	call	0x258	; 0x258 <I2C_Master_Start>
     7a6:	88 23       	and	r24, r24
     7a8:	09 f4       	brne	.+2      	; 0x7ac <main+0x31a>
     7aa:	fd c0       	rjmp	.+506    	; 0x9a6 <__stack+0xa7>
     7ac:	80 e7       	ldi	r24, 0x70	; 112
     7ae:	0e 94 52 01 	call	0x2a4	; 0x2a4 <I2C_Master_Write>
     7b2:	81 11       	cpse	r24, r1
     7b4:	03 c0       	rjmp	.+6      	; 0x7bc <main+0x32a>
     7b6:	0e 94 4a 01 	call	0x294	; 0x294 <I2C_Master_stop>
     7ba:	f5 c0       	rjmp	.+490    	; 0x9a6 <__stack+0xa7>
     7bc:	8c ea       	ldi	r24, 0xAC	; 172
     7be:	0e 94 52 01 	call	0x2a4	; 0x2a4 <I2C_Master_Write>
     7c2:	83 e3       	ldi	r24, 0x33	; 51
     7c4:	0e 94 52 01 	call	0x2a4	; 0x2a4 <I2C_Master_Write>
     7c8:	80 e0       	ldi	r24, 0x00	; 0
     7ca:	0e 94 52 01 	call	0x2a4	; 0x2a4 <I2C_Master_Write>
     7ce:	0e 94 4a 01 	call	0x294	; 0x294 <I2C_Master_stop>
     7d2:	9f ef       	ldi	r25, 0xFF	; 255
     7d4:	21 ee       	ldi	r18, 0xE1	; 225
     7d6:	84 e0       	ldi	r24, 0x04	; 4
     7d8:	91 50       	subi	r25, 0x01	; 1
     7da:	20 40       	sbci	r18, 0x00	; 0
     7dc:	80 40       	sbci	r24, 0x00	; 0
     7de:	e1 f7       	brne	.-8      	; 0x7d8 <main+0x346>
     7e0:	00 c0       	rjmp	.+0      	; 0x7e2 <main+0x350>
     7e2:	00 00       	nop
     7e4:	0e 94 2c 01 	call	0x258	; 0x258 <I2C_Master_Start>
     7e8:	81 11       	cpse	r24, r1
     7ea:	03 c0       	rjmp	.+6      	; 0x7f2 <main+0x360>
     7ec:	0e 94 4a 01 	call	0x294	; 0x294 <I2C_Master_stop>
     7f0:	da c0       	rjmp	.+436    	; 0x9a6 <__stack+0xa7>
     7f2:	81 e7       	ldi	r24, 0x71	; 113
     7f4:	0e 94 52 01 	call	0x2a4	; 0x2a4 <I2C_Master_Write>
     7f8:	81 11       	cpse	r24, r1
     7fa:	0c c0       	rjmp	.+24     	; 0x814 <__DATA_REGION_LENGTH__+0x14>
     7fc:	0e 94 4a 01 	call	0x294	; 0x294 <I2C_Master_stop>
     800:	d2 c0       	rjmp	.+420    	; 0x9a6 <__stack+0xa7>
     802:	8c 2f       	mov	r24, r28
     804:	90 e0       	ldi	r25, 0x00	; 0
     806:	61 e0       	ldi	r22, 0x01	; 1
     808:	8d 5d       	subi	r24, 0xDD	; 221
     80a:	9e 4f       	sbci	r25, 0xFE	; 254
     80c:	0e 94 66 01 	call	0x2cc	; 0x2cc <I2C_Master_Read>
     810:	cf 5f       	subi	r28, 0xFF	; 255
     812:	01 c0       	rjmp	.+2      	; 0x816 <__DATA_REGION_LENGTH__+0x16>
     814:	c0 e0       	ldi	r28, 0x00	; 0
     816:	c5 30       	cpi	r28, 0x05	; 5
     818:	a0 f3       	brcs	.-24     	; 0x802 <__DATA_REGION_LENGTH__+0x2>
     81a:	60 e0       	ldi	r22, 0x00	; 0
     81c:	88 e2       	ldi	r24, 0x28	; 40
     81e:	91 e0       	ldi	r25, 0x01	; 1
     820:	0e 94 66 01 	call	0x2cc	; 0x2cc <I2C_Master_Read>
     824:	0e 94 4a 01 	call	0x294	; 0x294 <I2C_Master_stop>
     828:	e3 e2       	ldi	r30, 0x23	; 35
     82a:	f1 e0       	ldi	r31, 0x01	; 1
     82c:	61 81       	ldd	r22, Z+1	; 0x01
     82e:	86 2f       	mov	r24, r22
     830:	90 e0       	ldi	r25, 0x00	; 0
     832:	a0 e0       	ldi	r26, 0x00	; 0
     834:	b0 e0       	ldi	r27, 0x00	; 0
     836:	ac 01       	movw	r20, r24
     838:	bd 01       	movw	r22, r26
     83a:	03 2e       	mov	r0, r19
     83c:	3c e0       	ldi	r19, 0x0C	; 12
     83e:	44 0f       	add	r20, r20
     840:	55 1f       	adc	r21, r21
     842:	66 1f       	adc	r22, r22
     844:	77 1f       	adc	r23, r23
     846:	3a 95       	dec	r19
     848:	d1 f7       	brne	.-12     	; 0x83e <__DATA_REGION_LENGTH__+0x3e>
     84a:	30 2d       	mov	r19, r0
     84c:	82 81       	ldd	r24, Z+2	; 0x02
     84e:	90 e0       	ldi	r25, 0x00	; 0
     850:	a0 e0       	ldi	r26, 0x00	; 0
     852:	b0 e0       	ldi	r27, 0x00	; 0
     854:	88 0f       	add	r24, r24
     856:	99 1f       	adc	r25, r25
     858:	aa 1f       	adc	r26, r26
     85a:	bb 1f       	adc	r27, r27
     85c:	88 0f       	add	r24, r24
     85e:	99 1f       	adc	r25, r25
     860:	aa 1f       	adc	r26, r26
     862:	bb 1f       	adc	r27, r27
     864:	88 0f       	add	r24, r24
     866:	99 1f       	adc	r25, r25
     868:	aa 1f       	adc	r26, r26
     86a:	bb 1f       	adc	r27, r27
     86c:	88 0f       	add	r24, r24
     86e:	99 1f       	adc	r25, r25
     870:	aa 1f       	adc	r26, r26
     872:	bb 1f       	adc	r27, r27
     874:	84 2b       	or	r24, r20
     876:	95 2b       	or	r25, r21
     878:	a6 2b       	or	r26, r22
     87a:	b7 2b       	or	r27, r23
     87c:	23 81       	ldd	r18, Z+3	; 0x03
     87e:	22 95       	swap	r18
     880:	2f 70       	andi	r18, 0x0F	; 15
     882:	bc 01       	movw	r22, r24
     884:	cd 01       	movw	r24, r26
     886:	62 2b       	or	r22, r18
     888:	60 93 39 01 	sts	0x0139, r22	; 0x800139 <hum_raw>
     88c:	70 93 3a 01 	sts	0x013A, r23	; 0x80013a <hum_raw+0x1>
     890:	80 93 3b 01 	sts	0x013B, r24	; 0x80013b <hum_raw+0x2>
     894:	90 93 3c 01 	sts	0x013C, r25	; 0x80013c <hum_raw+0x3>
     898:	0e 94 ab 06 	call	0xd56	; 0xd56 <__floatunsisf>
     89c:	20 e0       	ldi	r18, 0x00	; 0
     89e:	30 e0       	ldi	r19, 0x00	; 0
     8a0:	48 ec       	ldi	r20, 0xC8	; 200
     8a2:	52 e4       	ldi	r21, 0x42	; 66
     8a4:	0e 94 62 07 	call	0xec4	; 0xec4 <__mulsf3>
     8a8:	20 e0       	ldi	r18, 0x00	; 0
     8aa:	30 e0       	ldi	r19, 0x00	; 0
     8ac:	40 e8       	ldi	r20, 0x80	; 128
     8ae:	55 e3       	ldi	r21, 0x35	; 53
     8b0:	0e 94 62 07 	call	0xec4	; 0xec4 <__mulsf3>
     8b4:	6b 01       	movw	r12, r22
     8b6:	7c 01       	movw	r14, r24
     8b8:	60 93 34 01 	sts	0x0134, r22	; 0x800134 <humedad>
     8bc:	70 93 35 01 	sts	0x0135, r23	; 0x800135 <humedad+0x1>
     8c0:	80 93 36 01 	sts	0x0136, r24	; 0x800136 <humedad+0x2>
     8c4:	90 93 37 01 	sts	0x0137, r25	; 0x800137 <humedad+0x3>
     8c8:	80 91 21 01 	lds	r24, 0x0121	; 0x800121 <bandera_modo>
     8cc:	88 23       	and	r24, r24
     8ce:	e1 f0       	breq	.+56     	; 0x908 <__stack+0x9>
     8d0:	80 91 1c 01 	lds	r24, 0x011C	; 0x80011c <vel_dc>
     8d4:	82 30       	cpi	r24, 0x02	; 2
     8d6:	61 f0       	breq	.+24     	; 0x8f0 <__DATA_REGION_LENGTH__+0xf0>
     8d8:	18 f4       	brcc	.+6      	; 0x8e0 <__DATA_REGION_LENGTH__+0xe0>
     8da:	81 30       	cpi	r24, 0x01	; 1
     8dc:	31 f0       	breq	.+12     	; 0x8ea <__DATA_REGION_LENGTH__+0xea>
     8de:	48 c0       	rjmp	.+144    	; 0x970 <__stack+0x71>
     8e0:	83 30       	cpi	r24, 0x03	; 3
     8e2:	51 f0       	breq	.+20     	; 0x8f8 <__DATA_REGION_LENGTH__+0xf8>
     8e4:	84 30       	cpi	r24, 0x04	; 4
     8e6:	61 f0       	breq	.+24     	; 0x900 <__stack+0x1>
     8e8:	43 c0       	rjmp	.+134    	; 0x970 <__stack+0x71>
     8ea:	10 92 15 01 	sts	0x0115, r1	; 0x800115 <pwm>
     8ee:	40 c0       	rjmp	.+128    	; 0x970 <__stack+0x71>
     8f0:	88 ec       	ldi	r24, 0xC8	; 200
     8f2:	80 93 15 01 	sts	0x0115, r24	; 0x800115 <pwm>
     8f6:	3c c0       	rjmp	.+120    	; 0x970 <__stack+0x71>
     8f8:	86 ee       	ldi	r24, 0xE6	; 230
     8fa:	80 93 15 01 	sts	0x0115, r24	; 0x800115 <pwm>
     8fe:	38 c0       	rjmp	.+112    	; 0x970 <__stack+0x71>
     900:	8f ef       	ldi	r24, 0xFF	; 255
     902:	80 93 15 01 	sts	0x0115, r24	; 0x800115 <pwm>
     906:	34 c0       	rjmp	.+104    	; 0x970 <__stack+0x71>
     908:	20 e0       	ldi	r18, 0x00	; 0
     90a:	30 e0       	ldi	r19, 0x00	; 0
     90c:	4c e5       	ldi	r20, 0x5C	; 92
     90e:	52 e4       	ldi	r21, 0x42	; 66
     910:	c7 01       	movw	r24, r14
     912:	b6 01       	movw	r22, r12
     914:	0e 94 05 06 	call	0xc0a	; 0xc0a <__cmpsf2>
     918:	18 16       	cp	r1, r24
     91a:	1c f0       	brlt	.+6      	; 0x922 <__stack+0x23>
     91c:	10 92 15 01 	sts	0x0115, r1	; 0x800115 <pwm>
     920:	27 c0       	rjmp	.+78     	; 0x970 <__stack+0x71>
     922:	20 e0       	ldi	r18, 0x00	; 0
     924:	30 e0       	ldi	r19, 0x00	; 0
     926:	4a ea       	ldi	r20, 0xAA	; 170
     928:	52 e4       	ldi	r21, 0x42	; 66
     92a:	c7 01       	movw	r24, r14
     92c:	b6 01       	movw	r22, r12
     92e:	0e 94 5d 07 	call	0xeba	; 0xeba <__gesf2>
     932:	88 23       	and	r24, r24
     934:	24 f0       	brlt	.+8      	; 0x93e <__stack+0x3f>
     936:	8f ef       	ldi	r24, 0xFF	; 255
     938:	80 93 15 01 	sts	0x0115, r24	; 0x800115 <pwm>
     93c:	19 c0       	rjmp	.+50     	; 0x970 <__stack+0x71>
     93e:	20 e0       	ldi	r18, 0x00	; 0
     940:	30 e0       	ldi	r19, 0x00	; 0
     942:	4c e5       	ldi	r20, 0x5C	; 92
     944:	52 e4       	ldi	r21, 0x42	; 66
     946:	c7 01       	movw	r24, r14
     948:	b6 01       	movw	r22, r12
     94a:	0e 94 98 05 	call	0xb30	; 0xb30 <__subsf3>
     94e:	20 e0       	ldi	r18, 0x00	; 0
     950:	30 e0       	ldi	r19, 0x00	; 0
     952:	40 e7       	ldi	r20, 0x70	; 112
     954:	52 e4       	ldi	r21, 0x42	; 66
     956:	0e 94 62 07 	call	0xec4	; 0xec4 <__mulsf3>
     95a:	20 e0       	ldi	r18, 0x00	; 0
     95c:	30 e0       	ldi	r19, 0x00	; 0
     95e:	40 ef       	ldi	r20, 0xF0	; 240
     960:	51 e4       	ldi	r21, 0x41	; 65
     962:	0e 94 0a 06 	call	0xc14	; 0xc14 <__divsf3>
     966:	0e 94 7c 06 	call	0xcf8	; 0xcf8 <__fixunssfsi>
     96a:	6d 53       	subi	r22, 0x3D	; 61
     96c:	60 93 15 01 	sts	0x0115, r22	; 0x800115 <pwm>
     970:	0d e3       	ldi	r16, 0x3D	; 61
     972:	11 e0       	ldi	r17, 0x01	; 1
     974:	21 e0       	ldi	r18, 0x01	; 1
     976:	45 e0       	ldi	r20, 0x05	; 5
     978:	c7 01       	movw	r24, r14
     97a:	b6 01       	movw	r22, r12
     97c:	0e 94 f1 07 	call	0xfe2	; 0xfe2 <dtostrf>
     980:	62 e0       	ldi	r22, 0x02	; 2
     982:	8b e0       	ldi	r24, 0x0B	; 11
     984:	0e 94 08 02 	call	0x410	; 0x410 <LCD_Set_Cursor8>
     988:	c8 01       	movw	r24, r16
     98a:	0e 94 14 02 	call	0x428	; 0x428 <LCD_Write_String8>
     98e:	82 e1       	ldi	r24, 0x12	; 18
     990:	91 e0       	ldi	r25, 0x01	; 1
     992:	0e 94 85 05 	call	0xb0a	; 0xb0a <writeString>
     996:	c8 01       	movw	r24, r16
     998:	0e 94 85 05 	call	0xb0a	; 0xb0a <writeString>
     99c:	8e e0       	ldi	r24, 0x0E	; 14
     99e:	91 e0       	ldi	r25, 0x01	; 1
     9a0:	0e 94 85 05 	call	0xb0a	; 0xb0a <writeString>
     9a4:	b8 cd       	rjmp	.-1168   	; 0x516 <main+0x84>
     9a6:	cf 91       	pop	r28
     9a8:	1f 91       	pop	r17
     9aa:	0f 91       	pop	r16
     9ac:	ff 90       	pop	r15
     9ae:	ef 90       	pop	r14
     9b0:	df 90       	pop	r13
     9b2:	cf 90       	pop	r12
     9b4:	08 95       	ret

000009b6 <__vector_18>:
}

// Interrupts
ISR(USART_RX_vect){
     9b6:	1f 92       	push	r1
     9b8:	0f 92       	push	r0
     9ba:	0f b6       	in	r0, 0x3f	; 63
     9bc:	0f 92       	push	r0
     9be:	11 24       	eor	r1, r1
     9c0:	8f 93       	push	r24
     9c2:	9f 93       	push	r25
     9c4:	ef 93       	push	r30
     9c6:	ff 93       	push	r31
	
	char recibido = UDR0; // Recibe el caracter por serial, uno a la vez porque es serial.
     9c8:	90 91 c6 00 	lds	r25, 0x00C6	; 0x8000c6 <__TEXT_REGION_LENGTH__+0x7f80c6>
	if (recibido == '.'){
     9cc:	9e 32       	cpi	r25, 0x2E	; 46
     9ce:	09 f0       	breq	.+2      	; 0x9d2 <__vector_18+0x1c>
     9d0:	69 c0       	rjmp	.+210    	; 0xaa4 <__vector_18+0xee>
		//aca ya tenemos todo el dato en el arreglo "in_adafruit"
		in_adafruit[index_buffer] = '\0';
     9d2:	e0 91 38 01 	lds	r30, 0x0138	; 0x800138 <index_buffer>
     9d6:	f0 e0       	ldi	r31, 0x00	; 0
     9d8:	e7 5d       	subi	r30, 0xD7	; 215
     9da:	fe 4f       	sbci	r31, 0xFE	; 254
     9dc:	10 82       	st	Z, r1
		index_buffer = 0;
     9de:	10 92 38 01 	sts	0x0138, r1	; 0x800138 <index_buffer>
		switch(in_adafruit[0]){
     9e2:	80 91 29 01 	lds	r24, 0x0129	; 0x800129 <in_adafruit>
     9e6:	83 35       	cpi	r24, 0x53	; 83
     9e8:	49 f0       	breq	.+18     	; 0x9fc <__vector_18+0x46>
     9ea:	18 f4       	brcc	.+6      	; 0x9f2 <__vector_18+0x3c>
     9ec:	8d 34       	cpi	r24, 0x4D	; 77
     9ee:	89 f0       	breq	.+34     	; 0xa12 <__vector_18+0x5c>
     9f0:	63 c0       	rjmp	.+198    	; 0xab8 <__vector_18+0x102>
     9f2:	84 36       	cpi	r24, 0x64	; 100
     9f4:	d1 f1       	breq	.+116    	; 0xa6a <__vector_18+0xb4>
     9f6:	83 37       	cpi	r24, 0x73	; 115
     9f8:	e9 f0       	breq	.+58     	; 0xa34 <__vector_18+0x7e>
     9fa:	5e c0       	rjmp	.+188    	; 0xab8 <__vector_18+0x102>
			case('S'):
				//aca entramos a controlar el servo.
				if(in_adafruit[1] == '1'){
     9fc:	80 91 2a 01 	lds	r24, 0x012A	; 0x80012a <in_adafruit+0x1>
     a00:	81 33       	cpi	r24, 0x31	; 49
     a02:	21 f4       	brne	.+8      	; 0xa0c <__vector_18+0x56>
					bandera_servo = 1;
     a04:	81 e0       	ldi	r24, 0x01	; 1
     a06:	80 93 20 01 	sts	0x0120, r24	; 0x800120 <bandera_servo>
     a0a:	56 c0       	rjmp	.+172    	; 0xab8 <__vector_18+0x102>
				}else{
					bandera_servo = 0;
     a0c:	10 92 20 01 	sts	0x0120, r1	; 0x800120 <bandera_servo>
     a10:	53 c0       	rjmp	.+166    	; 0xab8 <__vector_18+0x102>
				}
			break;
			case('M'):
				//modo manual
				if(in_adafruit[1] == '1'){
     a12:	80 91 2a 01 	lds	r24, 0x012A	; 0x80012a <in_adafruit+0x1>
     a16:	81 33       	cpi	r24, 0x31	; 49
     a18:	39 f4       	brne	.+14     	; 0xa28 <__vector_18+0x72>
					PORTB |= (1 << PORTB4);
     a1a:	85 b1       	in	r24, 0x05	; 5
     a1c:	80 61       	ori	r24, 0x10	; 16
     a1e:	85 b9       	out	0x05, r24	; 5
					bandera_modo = 1;
     a20:	81 e0       	ldi	r24, 0x01	; 1
     a22:	80 93 21 01 	sts	0x0121, r24	; 0x800121 <bandera_modo>
     a26:	48 c0       	rjmp	.+144    	; 0xab8 <__vector_18+0x102>
				}else{
					bandera_modo = 0;
     a28:	10 92 21 01 	sts	0x0121, r1	; 0x800121 <bandera_modo>
					PORTB &= ~(1 << PORTB4);
     a2c:	85 b1       	in	r24, 0x05	; 5
     a2e:	8f 7e       	andi	r24, 0xEF	; 239
     a30:	85 b9       	out	0x05, r24	; 5
     a32:	42 c0       	rjmp	.+132    	; 0xab8 <__vector_18+0x102>
				}
			break;
			case('s'):
				switch(in_adafruit[1]){
     a34:	80 91 2a 01 	lds	r24, 0x012A	; 0x80012a <in_adafruit+0x1>
     a38:	82 33       	cpi	r24, 0x32	; 50
     a3a:	61 f0       	breq	.+24     	; 0xa54 <__vector_18+0x9e>
     a3c:	18 f4       	brcc	.+6      	; 0xa44 <__vector_18+0x8e>
     a3e:	81 33       	cpi	r24, 0x31	; 49
     a40:	31 f0       	breq	.+12     	; 0xa4e <__vector_18+0x98>
     a42:	13 c0       	rjmp	.+38     	; 0xa6a <__vector_18+0xb4>
     a44:	83 33       	cpi	r24, 0x33	; 51
     a46:	51 f0       	breq	.+20     	; 0xa5c <__vector_18+0xa6>
     a48:	84 33       	cpi	r24, 0x34	; 52
     a4a:	61 f0       	breq	.+24     	; 0xa64 <__vector_18+0xae>
     a4c:	0e c0       	rjmp	.+28     	; 0xa6a <__vector_18+0xb4>
					case ('1'):
						caso_manual_stepper = 0;
     a4e:	10 92 1f 01 	sts	0x011F, r1	; 0x80011f <caso_manual_stepper>
						break;
     a52:	0b c0       	rjmp	.+22     	; 0xa6a <__vector_18+0xb4>
					case ('2'):
						caso_manual_stepper = 1;
     a54:	81 e0       	ldi	r24, 0x01	; 1
     a56:	80 93 1f 01 	sts	0x011F, r24	; 0x80011f <caso_manual_stepper>
						break;
     a5a:	07 c0       	rjmp	.+14     	; 0xa6a <__vector_18+0xb4>
					case ('3'):
						caso_manual_stepper = 2;
     a5c:	82 e0       	ldi	r24, 0x02	; 2
     a5e:	80 93 1f 01 	sts	0x011F, r24	; 0x80011f <caso_manual_stepper>
						break;
     a62:	03 c0       	rjmp	.+6      	; 0xa6a <__vector_18+0xb4>
					case ('4'):
						caso_manual_stepper = 3;
     a64:	83 e0       	ldi	r24, 0x03	; 3
     a66:	80 93 1f 01 	sts	0x011F, r24	; 0x80011f <caso_manual_stepper>
						break;
					default:
						break;
				}
			case('d'):
			switch(in_adafruit[1]){
     a6a:	80 91 2a 01 	lds	r24, 0x012A	; 0x80012a <in_adafruit+0x1>
     a6e:	82 33       	cpi	r24, 0x32	; 50
     a70:	69 f0       	breq	.+26     	; 0xa8c <__vector_18+0xd6>
     a72:	18 f4       	brcc	.+6      	; 0xa7a <__vector_18+0xc4>
     a74:	81 33       	cpi	r24, 0x31	; 49
     a76:	31 f0       	breq	.+12     	; 0xa84 <__vector_18+0xce>
     a78:	1f c0       	rjmp	.+62     	; 0xab8 <__vector_18+0x102>
     a7a:	83 33       	cpi	r24, 0x33	; 51
     a7c:	59 f0       	breq	.+22     	; 0xa94 <__vector_18+0xde>
     a7e:	84 33       	cpi	r24, 0x34	; 52
     a80:	69 f0       	breq	.+26     	; 0xa9c <__vector_18+0xe6>
     a82:	1a c0       	rjmp	.+52     	; 0xab8 <__vector_18+0x102>
				case ('1'):
					vel_dc = 1;
     a84:	81 e0       	ldi	r24, 0x01	; 1
     a86:	80 93 1c 01 	sts	0x011C, r24	; 0x80011c <vel_dc>
				break;
     a8a:	16 c0       	rjmp	.+44     	; 0xab8 <__vector_18+0x102>
				case ('2'):
					vel_dc = 2;
     a8c:	82 e0       	ldi	r24, 0x02	; 2
     a8e:	80 93 1c 01 	sts	0x011C, r24	; 0x80011c <vel_dc>
				break;
     a92:	12 c0       	rjmp	.+36     	; 0xab8 <__vector_18+0x102>
				case ('3'):
					vel_dc = 3;
     a94:	83 e0       	ldi	r24, 0x03	; 3
     a96:	80 93 1c 01 	sts	0x011C, r24	; 0x80011c <vel_dc>
				break;
     a9a:	0e c0       	rjmp	.+28     	; 0xab8 <__vector_18+0x102>
				case ('4'):
					vel_dc = 4;
     a9c:	84 e0       	ldi	r24, 0x04	; 4
     a9e:	80 93 1c 01 	sts	0x011C, r24	; 0x80011c <vel_dc>
				break;
     aa2:	0a c0       	rjmp	.+20     	; 0xab8 <__vector_18+0x102>
			break;
			
		}
		
	}else{
		in_adafruit[index_buffer] = recibido;
     aa4:	80 91 38 01 	lds	r24, 0x0138	; 0x800138 <index_buffer>
     aa8:	e8 2f       	mov	r30, r24
     aaa:	f0 e0       	ldi	r31, 0x00	; 0
     aac:	e7 5d       	subi	r30, 0xD7	; 215
     aae:	fe 4f       	sbci	r31, 0xFE	; 254
     ab0:	90 83       	st	Z, r25
		index_buffer++;
     ab2:	8f 5f       	subi	r24, 0xFF	; 255
     ab4:	80 93 38 01 	sts	0x0138, r24	; 0x800138 <index_buffer>

	}
	
	
     ab8:	ff 91       	pop	r31
     aba:	ef 91       	pop	r30
     abc:	9f 91       	pop	r25
     abe:	8f 91       	pop	r24
     ac0:	0f 90       	pop	r0
     ac2:	0f be       	out	0x3f, r0	; 63
     ac4:	0f 90       	pop	r0
     ac6:	1f 90       	pop	r1
     ac8:	18 95       	reti

00000aca <initUART>:

#include "UART.h"

void initUART(){
	// Paso 1: estableceer PD1 (TX) como salida y PD0 como entrada (RX)
	DDRD &= ~(1 << DDD0); // PD0 como entrada (RX)
     aca:	8a b1       	in	r24, 0x0a	; 10
     acc:	8e 7f       	andi	r24, 0xFE	; 254
     ace:	8a b9       	out	0x0a, r24	; 10
	DDRD |= (1 << DDD1);  // PD1 como salida (TX)
     ad0:	8a b1       	in	r24, 0x0a	; 10
     ad2:	82 60       	ori	r24, 0x02	; 2
     ad4:	8a b9       	out	0x0a, r24	; 10

	
	// Paso 2: Configurar UCSR0A
	UCSR0A = 0;
     ad6:	e0 ec       	ldi	r30, 0xC0	; 192
     ad8:	f0 e0       	ldi	r31, 0x00	; 0
     ada:	10 82       	st	Z, r1
	UCSR0A |= (1 << U2X0); // Doble velocidad
     adc:	80 81       	ld	r24, Z
     ade:	82 60       	ori	r24, 0x02	; 2
     ae0:	80 83       	st	Z, r24
	
	// Paso 3: Configurar UCSR0B
	UCSR0B = (1 << RXCIE0) | (1 << RXEN0) | (1 << TXEN0);
     ae2:	88 e9       	ldi	r24, 0x98	; 152
     ae4:	80 93 c1 00 	sts	0x00C1, r24	; 0x8000c1 <__TEXT_REGION_LENGTH__+0x7f80c1>
	
	// Paso 4: Configurar UCSR0C
	// Configurar UART como asincrono, sin polaridad, 1 stop bit y 8 bits de datos
	UCSR0C = (1 << UCSZ01) | (1 << UCSZ00);
     ae8:	86 e0       	ldi	r24, 0x06	; 6
     aea:	80 93 c2 00 	sts	0x00C2, r24	; 0x8000c2 <__TEXT_REGION_LENGTH__+0x7f80c2>
	
	// Paso 5: Configurar baudrate UBR0 = 207 -> 9600 @ 16 MHz a doble velocidad
	UBRR0 = 207;
     aee:	8f ec       	ldi	r24, 0xCF	; 207
     af0:	90 e0       	ldi	r25, 0x00	; 0
     af2:	90 93 c5 00 	sts	0x00C5, r25	; 0x8000c5 <__TEXT_REGION_LENGTH__+0x7f80c5>
     af6:	80 93 c4 00 	sts	0x00C4, r24	; 0x8000c4 <__TEXT_REGION_LENGTH__+0x7f80c4>
     afa:	08 95       	ret

00000afc <writeChar>:
}

void writeChar(char caracter){
	while(( UCSR0A & (1 << UDRE0)) == 0){
     afc:	90 91 c0 00 	lds	r25, 0x00C0	; 0x8000c0 <__TEXT_REGION_LENGTH__+0x7f80c0>
     b00:	95 ff       	sbrs	r25, 5
     b02:	fc cf       	rjmp	.-8      	; 0xafc <writeChar>
	}
	UDR0 = caracter;
     b04:	80 93 c6 00 	sts	0x00C6, r24	; 0x8000c6 <__TEXT_REGION_LENGTH__+0x7f80c6>
     b08:	08 95       	ret

00000b0a <writeString>:
}

void writeString(char* texto){
     b0a:	0f 93       	push	r16
     b0c:	1f 93       	push	r17
     b0e:	cf 93       	push	r28
     b10:	8c 01       	movw	r16, r24
	for(uint8_t i = 0; *(texto+i) != '\0' ; i++){
     b12:	c0 e0       	ldi	r28, 0x00	; 0
     b14:	03 c0       	rjmp	.+6      	; 0xb1c <writeString+0x12>
		writeChar(*(texto+i));
     b16:	0e 94 7e 05 	call	0xafc	; 0xafc <writeChar>
	}
	UDR0 = caracter;
}

void writeString(char* texto){
	for(uint8_t i = 0; *(texto+i) != '\0' ; i++){
     b1a:	cf 5f       	subi	r28, 0xFF	; 255
     b1c:	f8 01       	movw	r30, r16
     b1e:	ec 0f       	add	r30, r28
     b20:	f1 1d       	adc	r31, r1
     b22:	80 81       	ld	r24, Z
     b24:	81 11       	cpse	r24, r1
     b26:	f7 cf       	rjmp	.-18     	; 0xb16 <writeString+0xc>
		writeChar(*(texto+i));
	}
}
     b28:	cf 91       	pop	r28
     b2a:	1f 91       	pop	r17
     b2c:	0f 91       	pop	r16
     b2e:	08 95       	ret

00000b30 <__subsf3>:
     b30:	50 58       	subi	r21, 0x80	; 128

00000b32 <__addsf3>:
     b32:	bb 27       	eor	r27, r27
     b34:	aa 27       	eor	r26, r26
     b36:	0e 94 b0 05 	call	0xb60	; 0xb60 <__addsf3x>
     b3a:	0c 94 23 07 	jmp	0xe46	; 0xe46 <__fp_round>
     b3e:	0e 94 15 07 	call	0xe2a	; 0xe2a <__fp_pscA>
     b42:	38 f0       	brcs	.+14     	; 0xb52 <__addsf3+0x20>
     b44:	0e 94 1c 07 	call	0xe38	; 0xe38 <__fp_pscB>
     b48:	20 f0       	brcs	.+8      	; 0xb52 <__addsf3+0x20>
     b4a:	39 f4       	brne	.+14     	; 0xb5a <__addsf3+0x28>
     b4c:	9f 3f       	cpi	r25, 0xFF	; 255
     b4e:	19 f4       	brne	.+6      	; 0xb56 <__addsf3+0x24>
     b50:	26 f4       	brtc	.+8      	; 0xb5a <__addsf3+0x28>
     b52:	0c 94 12 07 	jmp	0xe24	; 0xe24 <__fp_nan>
     b56:	0e f4       	brtc	.+2      	; 0xb5a <__addsf3+0x28>
     b58:	e0 95       	com	r30
     b5a:	e7 fb       	bst	r30, 7
     b5c:	0c 94 0c 07 	jmp	0xe18	; 0xe18 <__fp_inf>

00000b60 <__addsf3x>:
     b60:	e9 2f       	mov	r30, r25
     b62:	0e 94 34 07 	call	0xe68	; 0xe68 <__fp_split3>
     b66:	58 f3       	brcs	.-42     	; 0xb3e <__addsf3+0xc>
     b68:	ba 17       	cp	r27, r26
     b6a:	62 07       	cpc	r22, r18
     b6c:	73 07       	cpc	r23, r19
     b6e:	84 07       	cpc	r24, r20
     b70:	95 07       	cpc	r25, r21
     b72:	20 f0       	brcs	.+8      	; 0xb7c <__addsf3x+0x1c>
     b74:	79 f4       	brne	.+30     	; 0xb94 <__addsf3x+0x34>
     b76:	a6 f5       	brtc	.+104    	; 0xbe0 <__addsf3x+0x80>
     b78:	0c 94 56 07 	jmp	0xeac	; 0xeac <__fp_zero>
     b7c:	0e f4       	brtc	.+2      	; 0xb80 <__addsf3x+0x20>
     b7e:	e0 95       	com	r30
     b80:	0b 2e       	mov	r0, r27
     b82:	ba 2f       	mov	r27, r26
     b84:	a0 2d       	mov	r26, r0
     b86:	0b 01       	movw	r0, r22
     b88:	b9 01       	movw	r22, r18
     b8a:	90 01       	movw	r18, r0
     b8c:	0c 01       	movw	r0, r24
     b8e:	ca 01       	movw	r24, r20
     b90:	a0 01       	movw	r20, r0
     b92:	11 24       	eor	r1, r1
     b94:	ff 27       	eor	r31, r31
     b96:	59 1b       	sub	r21, r25
     b98:	99 f0       	breq	.+38     	; 0xbc0 <__addsf3x+0x60>
     b9a:	59 3f       	cpi	r21, 0xF9	; 249
     b9c:	50 f4       	brcc	.+20     	; 0xbb2 <__addsf3x+0x52>
     b9e:	50 3e       	cpi	r21, 0xE0	; 224
     ba0:	68 f1       	brcs	.+90     	; 0xbfc <__addsf3x+0x9c>
     ba2:	1a 16       	cp	r1, r26
     ba4:	f0 40       	sbci	r31, 0x00	; 0
     ba6:	a2 2f       	mov	r26, r18
     ba8:	23 2f       	mov	r18, r19
     baa:	34 2f       	mov	r19, r20
     bac:	44 27       	eor	r20, r20
     bae:	58 5f       	subi	r21, 0xF8	; 248
     bb0:	f3 cf       	rjmp	.-26     	; 0xb98 <__addsf3x+0x38>
     bb2:	46 95       	lsr	r20
     bb4:	37 95       	ror	r19
     bb6:	27 95       	ror	r18
     bb8:	a7 95       	ror	r26
     bba:	f0 40       	sbci	r31, 0x00	; 0
     bbc:	53 95       	inc	r21
     bbe:	c9 f7       	brne	.-14     	; 0xbb2 <__addsf3x+0x52>
     bc0:	7e f4       	brtc	.+30     	; 0xbe0 <__addsf3x+0x80>
     bc2:	1f 16       	cp	r1, r31
     bc4:	ba 0b       	sbc	r27, r26
     bc6:	62 0b       	sbc	r22, r18
     bc8:	73 0b       	sbc	r23, r19
     bca:	84 0b       	sbc	r24, r20
     bcc:	ba f0       	brmi	.+46     	; 0xbfc <__addsf3x+0x9c>
     bce:	91 50       	subi	r25, 0x01	; 1
     bd0:	a1 f0       	breq	.+40     	; 0xbfa <__addsf3x+0x9a>
     bd2:	ff 0f       	add	r31, r31
     bd4:	bb 1f       	adc	r27, r27
     bd6:	66 1f       	adc	r22, r22
     bd8:	77 1f       	adc	r23, r23
     bda:	88 1f       	adc	r24, r24
     bdc:	c2 f7       	brpl	.-16     	; 0xbce <__addsf3x+0x6e>
     bde:	0e c0       	rjmp	.+28     	; 0xbfc <__addsf3x+0x9c>
     be0:	ba 0f       	add	r27, r26
     be2:	62 1f       	adc	r22, r18
     be4:	73 1f       	adc	r23, r19
     be6:	84 1f       	adc	r24, r20
     be8:	48 f4       	brcc	.+18     	; 0xbfc <__addsf3x+0x9c>
     bea:	87 95       	ror	r24
     bec:	77 95       	ror	r23
     bee:	67 95       	ror	r22
     bf0:	b7 95       	ror	r27
     bf2:	f7 95       	ror	r31
     bf4:	9e 3f       	cpi	r25, 0xFE	; 254
     bf6:	08 f0       	brcs	.+2      	; 0xbfa <__addsf3x+0x9a>
     bf8:	b0 cf       	rjmp	.-160    	; 0xb5a <__addsf3+0x28>
     bfa:	93 95       	inc	r25
     bfc:	88 0f       	add	r24, r24
     bfe:	08 f0       	brcs	.+2      	; 0xc02 <__addsf3x+0xa2>
     c00:	99 27       	eor	r25, r25
     c02:	ee 0f       	add	r30, r30
     c04:	97 95       	ror	r25
     c06:	87 95       	ror	r24
     c08:	08 95       	ret

00000c0a <__cmpsf2>:
     c0a:	0e 94 e8 06 	call	0xdd0	; 0xdd0 <__fp_cmp>
     c0e:	08 f4       	brcc	.+2      	; 0xc12 <__cmpsf2+0x8>
     c10:	81 e0       	ldi	r24, 0x01	; 1
     c12:	08 95       	ret

00000c14 <__divsf3>:
     c14:	0e 94 1e 06 	call	0xc3c	; 0xc3c <__divsf3x>
     c18:	0c 94 23 07 	jmp	0xe46	; 0xe46 <__fp_round>
     c1c:	0e 94 1c 07 	call	0xe38	; 0xe38 <__fp_pscB>
     c20:	58 f0       	brcs	.+22     	; 0xc38 <__divsf3+0x24>
     c22:	0e 94 15 07 	call	0xe2a	; 0xe2a <__fp_pscA>
     c26:	40 f0       	brcs	.+16     	; 0xc38 <__divsf3+0x24>
     c28:	29 f4       	brne	.+10     	; 0xc34 <__divsf3+0x20>
     c2a:	5f 3f       	cpi	r21, 0xFF	; 255
     c2c:	29 f0       	breq	.+10     	; 0xc38 <__divsf3+0x24>
     c2e:	0c 94 0c 07 	jmp	0xe18	; 0xe18 <__fp_inf>
     c32:	51 11       	cpse	r21, r1
     c34:	0c 94 57 07 	jmp	0xeae	; 0xeae <__fp_szero>
     c38:	0c 94 12 07 	jmp	0xe24	; 0xe24 <__fp_nan>

00000c3c <__divsf3x>:
     c3c:	0e 94 34 07 	call	0xe68	; 0xe68 <__fp_split3>
     c40:	68 f3       	brcs	.-38     	; 0xc1c <__divsf3+0x8>

00000c42 <__divsf3_pse>:
     c42:	99 23       	and	r25, r25
     c44:	b1 f3       	breq	.-20     	; 0xc32 <__divsf3+0x1e>
     c46:	55 23       	and	r21, r21
     c48:	91 f3       	breq	.-28     	; 0xc2e <__divsf3+0x1a>
     c4a:	95 1b       	sub	r25, r21
     c4c:	55 0b       	sbc	r21, r21
     c4e:	bb 27       	eor	r27, r27
     c50:	aa 27       	eor	r26, r26
     c52:	62 17       	cp	r22, r18
     c54:	73 07       	cpc	r23, r19
     c56:	84 07       	cpc	r24, r20
     c58:	38 f0       	brcs	.+14     	; 0xc68 <__divsf3_pse+0x26>
     c5a:	9f 5f       	subi	r25, 0xFF	; 255
     c5c:	5f 4f       	sbci	r21, 0xFF	; 255
     c5e:	22 0f       	add	r18, r18
     c60:	33 1f       	adc	r19, r19
     c62:	44 1f       	adc	r20, r20
     c64:	aa 1f       	adc	r26, r26
     c66:	a9 f3       	breq	.-22     	; 0xc52 <__divsf3_pse+0x10>
     c68:	35 d0       	rcall	.+106    	; 0xcd4 <__divsf3_pse+0x92>
     c6a:	0e 2e       	mov	r0, r30
     c6c:	3a f0       	brmi	.+14     	; 0xc7c <__divsf3_pse+0x3a>
     c6e:	e0 e8       	ldi	r30, 0x80	; 128
     c70:	32 d0       	rcall	.+100    	; 0xcd6 <__divsf3_pse+0x94>
     c72:	91 50       	subi	r25, 0x01	; 1
     c74:	50 40       	sbci	r21, 0x00	; 0
     c76:	e6 95       	lsr	r30
     c78:	00 1c       	adc	r0, r0
     c7a:	ca f7       	brpl	.-14     	; 0xc6e <__divsf3_pse+0x2c>
     c7c:	2b d0       	rcall	.+86     	; 0xcd4 <__divsf3_pse+0x92>
     c7e:	fe 2f       	mov	r31, r30
     c80:	29 d0       	rcall	.+82     	; 0xcd4 <__divsf3_pse+0x92>
     c82:	66 0f       	add	r22, r22
     c84:	77 1f       	adc	r23, r23
     c86:	88 1f       	adc	r24, r24
     c88:	bb 1f       	adc	r27, r27
     c8a:	26 17       	cp	r18, r22
     c8c:	37 07       	cpc	r19, r23
     c8e:	48 07       	cpc	r20, r24
     c90:	ab 07       	cpc	r26, r27
     c92:	b0 e8       	ldi	r27, 0x80	; 128
     c94:	09 f0       	breq	.+2      	; 0xc98 <__divsf3_pse+0x56>
     c96:	bb 0b       	sbc	r27, r27
     c98:	80 2d       	mov	r24, r0
     c9a:	bf 01       	movw	r22, r30
     c9c:	ff 27       	eor	r31, r31
     c9e:	93 58       	subi	r25, 0x83	; 131
     ca0:	5f 4f       	sbci	r21, 0xFF	; 255
     ca2:	3a f0       	brmi	.+14     	; 0xcb2 <__divsf3_pse+0x70>
     ca4:	9e 3f       	cpi	r25, 0xFE	; 254
     ca6:	51 05       	cpc	r21, r1
     ca8:	78 f0       	brcs	.+30     	; 0xcc8 <__divsf3_pse+0x86>
     caa:	0c 94 0c 07 	jmp	0xe18	; 0xe18 <__fp_inf>
     cae:	0c 94 57 07 	jmp	0xeae	; 0xeae <__fp_szero>
     cb2:	5f 3f       	cpi	r21, 0xFF	; 255
     cb4:	e4 f3       	brlt	.-8      	; 0xcae <__divsf3_pse+0x6c>
     cb6:	98 3e       	cpi	r25, 0xE8	; 232
     cb8:	d4 f3       	brlt	.-12     	; 0xcae <__divsf3_pse+0x6c>
     cba:	86 95       	lsr	r24
     cbc:	77 95       	ror	r23
     cbe:	67 95       	ror	r22
     cc0:	b7 95       	ror	r27
     cc2:	f7 95       	ror	r31
     cc4:	9f 5f       	subi	r25, 0xFF	; 255
     cc6:	c9 f7       	brne	.-14     	; 0xcba <__divsf3_pse+0x78>
     cc8:	88 0f       	add	r24, r24
     cca:	91 1d       	adc	r25, r1
     ccc:	96 95       	lsr	r25
     cce:	87 95       	ror	r24
     cd0:	97 f9       	bld	r25, 7
     cd2:	08 95       	ret
     cd4:	e1 e0       	ldi	r30, 0x01	; 1
     cd6:	66 0f       	add	r22, r22
     cd8:	77 1f       	adc	r23, r23
     cda:	88 1f       	adc	r24, r24
     cdc:	bb 1f       	adc	r27, r27
     cde:	62 17       	cp	r22, r18
     ce0:	73 07       	cpc	r23, r19
     ce2:	84 07       	cpc	r24, r20
     ce4:	ba 07       	cpc	r27, r26
     ce6:	20 f0       	brcs	.+8      	; 0xcf0 <__divsf3_pse+0xae>
     ce8:	62 1b       	sub	r22, r18
     cea:	73 0b       	sbc	r23, r19
     cec:	84 0b       	sbc	r24, r20
     cee:	ba 0b       	sbc	r27, r26
     cf0:	ee 1f       	adc	r30, r30
     cf2:	88 f7       	brcc	.-30     	; 0xcd6 <__divsf3_pse+0x94>
     cf4:	e0 95       	com	r30
     cf6:	08 95       	ret

00000cf8 <__fixunssfsi>:
     cf8:	0e 94 3c 07 	call	0xe78	; 0xe78 <__fp_splitA>
     cfc:	88 f0       	brcs	.+34     	; 0xd20 <__fixunssfsi+0x28>
     cfe:	9f 57       	subi	r25, 0x7F	; 127
     d00:	98 f0       	brcs	.+38     	; 0xd28 <__fixunssfsi+0x30>
     d02:	b9 2f       	mov	r27, r25
     d04:	99 27       	eor	r25, r25
     d06:	b7 51       	subi	r27, 0x17	; 23
     d08:	b0 f0       	brcs	.+44     	; 0xd36 <__fixunssfsi+0x3e>
     d0a:	e1 f0       	breq	.+56     	; 0xd44 <__fixunssfsi+0x4c>
     d0c:	66 0f       	add	r22, r22
     d0e:	77 1f       	adc	r23, r23
     d10:	88 1f       	adc	r24, r24
     d12:	99 1f       	adc	r25, r25
     d14:	1a f0       	brmi	.+6      	; 0xd1c <__fixunssfsi+0x24>
     d16:	ba 95       	dec	r27
     d18:	c9 f7       	brne	.-14     	; 0xd0c <__fixunssfsi+0x14>
     d1a:	14 c0       	rjmp	.+40     	; 0xd44 <__fixunssfsi+0x4c>
     d1c:	b1 30       	cpi	r27, 0x01	; 1
     d1e:	91 f0       	breq	.+36     	; 0xd44 <__fixunssfsi+0x4c>
     d20:	0e 94 56 07 	call	0xeac	; 0xeac <__fp_zero>
     d24:	b1 e0       	ldi	r27, 0x01	; 1
     d26:	08 95       	ret
     d28:	0c 94 56 07 	jmp	0xeac	; 0xeac <__fp_zero>
     d2c:	67 2f       	mov	r22, r23
     d2e:	78 2f       	mov	r23, r24
     d30:	88 27       	eor	r24, r24
     d32:	b8 5f       	subi	r27, 0xF8	; 248
     d34:	39 f0       	breq	.+14     	; 0xd44 <__fixunssfsi+0x4c>
     d36:	b9 3f       	cpi	r27, 0xF9	; 249
     d38:	cc f3       	brlt	.-14     	; 0xd2c <__fixunssfsi+0x34>
     d3a:	86 95       	lsr	r24
     d3c:	77 95       	ror	r23
     d3e:	67 95       	ror	r22
     d40:	b3 95       	inc	r27
     d42:	d9 f7       	brne	.-10     	; 0xd3a <__fixunssfsi+0x42>
     d44:	3e f4       	brtc	.+14     	; 0xd54 <__fixunssfsi+0x5c>
     d46:	90 95       	com	r25
     d48:	80 95       	com	r24
     d4a:	70 95       	com	r23
     d4c:	61 95       	neg	r22
     d4e:	7f 4f       	sbci	r23, 0xFF	; 255
     d50:	8f 4f       	sbci	r24, 0xFF	; 255
     d52:	9f 4f       	sbci	r25, 0xFF	; 255
     d54:	08 95       	ret

00000d56 <__floatunsisf>:
     d56:	e8 94       	clt
     d58:	09 c0       	rjmp	.+18     	; 0xd6c <__floatsisf+0x12>

00000d5a <__floatsisf>:
     d5a:	97 fb       	bst	r25, 7
     d5c:	3e f4       	brtc	.+14     	; 0xd6c <__floatsisf+0x12>
     d5e:	90 95       	com	r25
     d60:	80 95       	com	r24
     d62:	70 95       	com	r23
     d64:	61 95       	neg	r22
     d66:	7f 4f       	sbci	r23, 0xFF	; 255
     d68:	8f 4f       	sbci	r24, 0xFF	; 255
     d6a:	9f 4f       	sbci	r25, 0xFF	; 255
     d6c:	99 23       	and	r25, r25
     d6e:	a9 f0       	breq	.+42     	; 0xd9a <__floatsisf+0x40>
     d70:	f9 2f       	mov	r31, r25
     d72:	96 e9       	ldi	r25, 0x96	; 150
     d74:	bb 27       	eor	r27, r27
     d76:	93 95       	inc	r25
     d78:	f6 95       	lsr	r31
     d7a:	87 95       	ror	r24
     d7c:	77 95       	ror	r23
     d7e:	67 95       	ror	r22
     d80:	b7 95       	ror	r27
     d82:	f1 11       	cpse	r31, r1
     d84:	f8 cf       	rjmp	.-16     	; 0xd76 <__floatsisf+0x1c>
     d86:	fa f4       	brpl	.+62     	; 0xdc6 <__floatsisf+0x6c>
     d88:	bb 0f       	add	r27, r27
     d8a:	11 f4       	brne	.+4      	; 0xd90 <__floatsisf+0x36>
     d8c:	60 ff       	sbrs	r22, 0
     d8e:	1b c0       	rjmp	.+54     	; 0xdc6 <__floatsisf+0x6c>
     d90:	6f 5f       	subi	r22, 0xFF	; 255
     d92:	7f 4f       	sbci	r23, 0xFF	; 255
     d94:	8f 4f       	sbci	r24, 0xFF	; 255
     d96:	9f 4f       	sbci	r25, 0xFF	; 255
     d98:	16 c0       	rjmp	.+44     	; 0xdc6 <__floatsisf+0x6c>
     d9a:	88 23       	and	r24, r24
     d9c:	11 f0       	breq	.+4      	; 0xda2 <__floatsisf+0x48>
     d9e:	96 e9       	ldi	r25, 0x96	; 150
     da0:	11 c0       	rjmp	.+34     	; 0xdc4 <__floatsisf+0x6a>
     da2:	77 23       	and	r23, r23
     da4:	21 f0       	breq	.+8      	; 0xdae <__floatsisf+0x54>
     da6:	9e e8       	ldi	r25, 0x8E	; 142
     da8:	87 2f       	mov	r24, r23
     daa:	76 2f       	mov	r23, r22
     dac:	05 c0       	rjmp	.+10     	; 0xdb8 <__floatsisf+0x5e>
     dae:	66 23       	and	r22, r22
     db0:	71 f0       	breq	.+28     	; 0xdce <__floatsisf+0x74>
     db2:	96 e8       	ldi	r25, 0x86	; 134
     db4:	86 2f       	mov	r24, r22
     db6:	70 e0       	ldi	r23, 0x00	; 0
     db8:	60 e0       	ldi	r22, 0x00	; 0
     dba:	2a f0       	brmi	.+10     	; 0xdc6 <__floatsisf+0x6c>
     dbc:	9a 95       	dec	r25
     dbe:	66 0f       	add	r22, r22
     dc0:	77 1f       	adc	r23, r23
     dc2:	88 1f       	adc	r24, r24
     dc4:	da f7       	brpl	.-10     	; 0xdbc <__floatsisf+0x62>
     dc6:	88 0f       	add	r24, r24
     dc8:	96 95       	lsr	r25
     dca:	87 95       	ror	r24
     dcc:	97 f9       	bld	r25, 7
     dce:	08 95       	ret

00000dd0 <__fp_cmp>:
     dd0:	99 0f       	add	r25, r25
     dd2:	00 08       	sbc	r0, r0
     dd4:	55 0f       	add	r21, r21
     dd6:	aa 0b       	sbc	r26, r26
     dd8:	e0 e8       	ldi	r30, 0x80	; 128
     dda:	fe ef       	ldi	r31, 0xFE	; 254
     ddc:	16 16       	cp	r1, r22
     dde:	17 06       	cpc	r1, r23
     de0:	e8 07       	cpc	r30, r24
     de2:	f9 07       	cpc	r31, r25
     de4:	c0 f0       	brcs	.+48     	; 0xe16 <__fp_cmp+0x46>
     de6:	12 16       	cp	r1, r18
     de8:	13 06       	cpc	r1, r19
     dea:	e4 07       	cpc	r30, r20
     dec:	f5 07       	cpc	r31, r21
     dee:	98 f0       	brcs	.+38     	; 0xe16 <__fp_cmp+0x46>
     df0:	62 1b       	sub	r22, r18
     df2:	73 0b       	sbc	r23, r19
     df4:	84 0b       	sbc	r24, r20
     df6:	95 0b       	sbc	r25, r21
     df8:	39 f4       	brne	.+14     	; 0xe08 <__fp_cmp+0x38>
     dfa:	0a 26       	eor	r0, r26
     dfc:	61 f0       	breq	.+24     	; 0xe16 <__fp_cmp+0x46>
     dfe:	23 2b       	or	r18, r19
     e00:	24 2b       	or	r18, r20
     e02:	25 2b       	or	r18, r21
     e04:	21 f4       	brne	.+8      	; 0xe0e <__fp_cmp+0x3e>
     e06:	08 95       	ret
     e08:	0a 26       	eor	r0, r26
     e0a:	09 f4       	brne	.+2      	; 0xe0e <__fp_cmp+0x3e>
     e0c:	a1 40       	sbci	r26, 0x01	; 1
     e0e:	a6 95       	lsr	r26
     e10:	8f ef       	ldi	r24, 0xFF	; 255
     e12:	81 1d       	adc	r24, r1
     e14:	81 1d       	adc	r24, r1
     e16:	08 95       	ret

00000e18 <__fp_inf>:
     e18:	97 f9       	bld	r25, 7
     e1a:	9f 67       	ori	r25, 0x7F	; 127
     e1c:	80 e8       	ldi	r24, 0x80	; 128
     e1e:	70 e0       	ldi	r23, 0x00	; 0
     e20:	60 e0       	ldi	r22, 0x00	; 0
     e22:	08 95       	ret

00000e24 <__fp_nan>:
     e24:	9f ef       	ldi	r25, 0xFF	; 255
     e26:	80 ec       	ldi	r24, 0xC0	; 192
     e28:	08 95       	ret

00000e2a <__fp_pscA>:
     e2a:	00 24       	eor	r0, r0
     e2c:	0a 94       	dec	r0
     e2e:	16 16       	cp	r1, r22
     e30:	17 06       	cpc	r1, r23
     e32:	18 06       	cpc	r1, r24
     e34:	09 06       	cpc	r0, r25
     e36:	08 95       	ret

00000e38 <__fp_pscB>:
     e38:	00 24       	eor	r0, r0
     e3a:	0a 94       	dec	r0
     e3c:	12 16       	cp	r1, r18
     e3e:	13 06       	cpc	r1, r19
     e40:	14 06       	cpc	r1, r20
     e42:	05 06       	cpc	r0, r21
     e44:	08 95       	ret

00000e46 <__fp_round>:
     e46:	09 2e       	mov	r0, r25
     e48:	03 94       	inc	r0
     e4a:	00 0c       	add	r0, r0
     e4c:	11 f4       	brne	.+4      	; 0xe52 <__fp_round+0xc>
     e4e:	88 23       	and	r24, r24
     e50:	52 f0       	brmi	.+20     	; 0xe66 <__fp_round+0x20>
     e52:	bb 0f       	add	r27, r27
     e54:	40 f4       	brcc	.+16     	; 0xe66 <__fp_round+0x20>
     e56:	bf 2b       	or	r27, r31
     e58:	11 f4       	brne	.+4      	; 0xe5e <__fp_round+0x18>
     e5a:	60 ff       	sbrs	r22, 0
     e5c:	04 c0       	rjmp	.+8      	; 0xe66 <__fp_round+0x20>
     e5e:	6f 5f       	subi	r22, 0xFF	; 255
     e60:	7f 4f       	sbci	r23, 0xFF	; 255
     e62:	8f 4f       	sbci	r24, 0xFF	; 255
     e64:	9f 4f       	sbci	r25, 0xFF	; 255
     e66:	08 95       	ret

00000e68 <__fp_split3>:
     e68:	57 fd       	sbrc	r21, 7
     e6a:	90 58       	subi	r25, 0x80	; 128
     e6c:	44 0f       	add	r20, r20
     e6e:	55 1f       	adc	r21, r21
     e70:	59 f0       	breq	.+22     	; 0xe88 <__fp_splitA+0x10>
     e72:	5f 3f       	cpi	r21, 0xFF	; 255
     e74:	71 f0       	breq	.+28     	; 0xe92 <__fp_splitA+0x1a>
     e76:	47 95       	ror	r20

00000e78 <__fp_splitA>:
     e78:	88 0f       	add	r24, r24
     e7a:	97 fb       	bst	r25, 7
     e7c:	99 1f       	adc	r25, r25
     e7e:	61 f0       	breq	.+24     	; 0xe98 <__fp_splitA+0x20>
     e80:	9f 3f       	cpi	r25, 0xFF	; 255
     e82:	79 f0       	breq	.+30     	; 0xea2 <__fp_splitA+0x2a>
     e84:	87 95       	ror	r24
     e86:	08 95       	ret
     e88:	12 16       	cp	r1, r18
     e8a:	13 06       	cpc	r1, r19
     e8c:	14 06       	cpc	r1, r20
     e8e:	55 1f       	adc	r21, r21
     e90:	f2 cf       	rjmp	.-28     	; 0xe76 <__fp_split3+0xe>
     e92:	46 95       	lsr	r20
     e94:	f1 df       	rcall	.-30     	; 0xe78 <__fp_splitA>
     e96:	08 c0       	rjmp	.+16     	; 0xea8 <__fp_splitA+0x30>
     e98:	16 16       	cp	r1, r22
     e9a:	17 06       	cpc	r1, r23
     e9c:	18 06       	cpc	r1, r24
     e9e:	99 1f       	adc	r25, r25
     ea0:	f1 cf       	rjmp	.-30     	; 0xe84 <__fp_splitA+0xc>
     ea2:	86 95       	lsr	r24
     ea4:	71 05       	cpc	r23, r1
     ea6:	61 05       	cpc	r22, r1
     ea8:	08 94       	sec
     eaa:	08 95       	ret

00000eac <__fp_zero>:
     eac:	e8 94       	clt

00000eae <__fp_szero>:
     eae:	bb 27       	eor	r27, r27
     eb0:	66 27       	eor	r22, r22
     eb2:	77 27       	eor	r23, r23
     eb4:	cb 01       	movw	r24, r22
     eb6:	97 f9       	bld	r25, 7
     eb8:	08 95       	ret

00000eba <__gesf2>:
     eba:	0e 94 e8 06 	call	0xdd0	; 0xdd0 <__fp_cmp>
     ebe:	08 f4       	brcc	.+2      	; 0xec2 <__gesf2+0x8>
     ec0:	8f ef       	ldi	r24, 0xFF	; 255
     ec2:	08 95       	ret

00000ec4 <__mulsf3>:
     ec4:	0e 94 75 07 	call	0xeea	; 0xeea <__mulsf3x>
     ec8:	0c 94 23 07 	jmp	0xe46	; 0xe46 <__fp_round>
     ecc:	0e 94 15 07 	call	0xe2a	; 0xe2a <__fp_pscA>
     ed0:	38 f0       	brcs	.+14     	; 0xee0 <__mulsf3+0x1c>
     ed2:	0e 94 1c 07 	call	0xe38	; 0xe38 <__fp_pscB>
     ed6:	20 f0       	brcs	.+8      	; 0xee0 <__mulsf3+0x1c>
     ed8:	95 23       	and	r25, r21
     eda:	11 f0       	breq	.+4      	; 0xee0 <__mulsf3+0x1c>
     edc:	0c 94 0c 07 	jmp	0xe18	; 0xe18 <__fp_inf>
     ee0:	0c 94 12 07 	jmp	0xe24	; 0xe24 <__fp_nan>
     ee4:	11 24       	eor	r1, r1
     ee6:	0c 94 57 07 	jmp	0xeae	; 0xeae <__fp_szero>

00000eea <__mulsf3x>:
     eea:	0e 94 34 07 	call	0xe68	; 0xe68 <__fp_split3>
     eee:	70 f3       	brcs	.-36     	; 0xecc <__mulsf3+0x8>

00000ef0 <__mulsf3_pse>:
     ef0:	95 9f       	mul	r25, r21
     ef2:	c1 f3       	breq	.-16     	; 0xee4 <__mulsf3+0x20>
     ef4:	95 0f       	add	r25, r21
     ef6:	50 e0       	ldi	r21, 0x00	; 0
     ef8:	55 1f       	adc	r21, r21
     efa:	62 9f       	mul	r22, r18
     efc:	f0 01       	movw	r30, r0
     efe:	72 9f       	mul	r23, r18
     f00:	bb 27       	eor	r27, r27
     f02:	f0 0d       	add	r31, r0
     f04:	b1 1d       	adc	r27, r1
     f06:	63 9f       	mul	r22, r19
     f08:	aa 27       	eor	r26, r26
     f0a:	f0 0d       	add	r31, r0
     f0c:	b1 1d       	adc	r27, r1
     f0e:	aa 1f       	adc	r26, r26
     f10:	64 9f       	mul	r22, r20
     f12:	66 27       	eor	r22, r22
     f14:	b0 0d       	add	r27, r0
     f16:	a1 1d       	adc	r26, r1
     f18:	66 1f       	adc	r22, r22
     f1a:	82 9f       	mul	r24, r18
     f1c:	22 27       	eor	r18, r18
     f1e:	b0 0d       	add	r27, r0
     f20:	a1 1d       	adc	r26, r1
     f22:	62 1f       	adc	r22, r18
     f24:	73 9f       	mul	r23, r19
     f26:	b0 0d       	add	r27, r0
     f28:	a1 1d       	adc	r26, r1
     f2a:	62 1f       	adc	r22, r18
     f2c:	83 9f       	mul	r24, r19
     f2e:	a0 0d       	add	r26, r0
     f30:	61 1d       	adc	r22, r1
     f32:	22 1f       	adc	r18, r18
     f34:	74 9f       	mul	r23, r20
     f36:	33 27       	eor	r19, r19
     f38:	a0 0d       	add	r26, r0
     f3a:	61 1d       	adc	r22, r1
     f3c:	23 1f       	adc	r18, r19
     f3e:	84 9f       	mul	r24, r20
     f40:	60 0d       	add	r22, r0
     f42:	21 1d       	adc	r18, r1
     f44:	82 2f       	mov	r24, r18
     f46:	76 2f       	mov	r23, r22
     f48:	6a 2f       	mov	r22, r26
     f4a:	11 24       	eor	r1, r1
     f4c:	9f 57       	subi	r25, 0x7F	; 127
     f4e:	50 40       	sbci	r21, 0x00	; 0
     f50:	9a f0       	brmi	.+38     	; 0xf78 <__mulsf3_pse+0x88>
     f52:	f1 f0       	breq	.+60     	; 0xf90 <__mulsf3_pse+0xa0>
     f54:	88 23       	and	r24, r24
     f56:	4a f0       	brmi	.+18     	; 0xf6a <__mulsf3_pse+0x7a>
     f58:	ee 0f       	add	r30, r30
     f5a:	ff 1f       	adc	r31, r31
     f5c:	bb 1f       	adc	r27, r27
     f5e:	66 1f       	adc	r22, r22
     f60:	77 1f       	adc	r23, r23
     f62:	88 1f       	adc	r24, r24
     f64:	91 50       	subi	r25, 0x01	; 1
     f66:	50 40       	sbci	r21, 0x00	; 0
     f68:	a9 f7       	brne	.-22     	; 0xf54 <__mulsf3_pse+0x64>
     f6a:	9e 3f       	cpi	r25, 0xFE	; 254
     f6c:	51 05       	cpc	r21, r1
     f6e:	80 f0       	brcs	.+32     	; 0xf90 <__mulsf3_pse+0xa0>
     f70:	0c 94 0c 07 	jmp	0xe18	; 0xe18 <__fp_inf>
     f74:	0c 94 57 07 	jmp	0xeae	; 0xeae <__fp_szero>
     f78:	5f 3f       	cpi	r21, 0xFF	; 255
     f7a:	e4 f3       	brlt	.-8      	; 0xf74 <__mulsf3_pse+0x84>
     f7c:	98 3e       	cpi	r25, 0xE8	; 232
     f7e:	d4 f3       	brlt	.-12     	; 0xf74 <__mulsf3_pse+0x84>
     f80:	86 95       	lsr	r24
     f82:	77 95       	ror	r23
     f84:	67 95       	ror	r22
     f86:	b7 95       	ror	r27
     f88:	f7 95       	ror	r31
     f8a:	e7 95       	ror	r30
     f8c:	9f 5f       	subi	r25, 0xFF	; 255
     f8e:	c1 f7       	brne	.-16     	; 0xf80 <__mulsf3_pse+0x90>
     f90:	fe 2b       	or	r31, r30
     f92:	88 0f       	add	r24, r24
     f94:	91 1d       	adc	r25, r1
     f96:	96 95       	lsr	r25
     f98:	87 95       	ror	r24
     f9a:	97 f9       	bld	r25, 7
     f9c:	08 95       	ret

00000f9e <__udivmodsi4>:
     f9e:	a1 e2       	ldi	r26, 0x21	; 33
     fa0:	1a 2e       	mov	r1, r26
     fa2:	aa 1b       	sub	r26, r26
     fa4:	bb 1b       	sub	r27, r27
     fa6:	fd 01       	movw	r30, r26
     fa8:	0d c0       	rjmp	.+26     	; 0xfc4 <__udivmodsi4_ep>

00000faa <__udivmodsi4_loop>:
     faa:	aa 1f       	adc	r26, r26
     fac:	bb 1f       	adc	r27, r27
     fae:	ee 1f       	adc	r30, r30
     fb0:	ff 1f       	adc	r31, r31
     fb2:	a2 17       	cp	r26, r18
     fb4:	b3 07       	cpc	r27, r19
     fb6:	e4 07       	cpc	r30, r20
     fb8:	f5 07       	cpc	r31, r21
     fba:	20 f0       	brcs	.+8      	; 0xfc4 <__udivmodsi4_ep>
     fbc:	a2 1b       	sub	r26, r18
     fbe:	b3 0b       	sbc	r27, r19
     fc0:	e4 0b       	sbc	r30, r20
     fc2:	f5 0b       	sbc	r31, r21

00000fc4 <__udivmodsi4_ep>:
     fc4:	66 1f       	adc	r22, r22
     fc6:	77 1f       	adc	r23, r23
     fc8:	88 1f       	adc	r24, r24
     fca:	99 1f       	adc	r25, r25
     fcc:	1a 94       	dec	r1
     fce:	69 f7       	brne	.-38     	; 0xfaa <__udivmodsi4_loop>
     fd0:	60 95       	com	r22
     fd2:	70 95       	com	r23
     fd4:	80 95       	com	r24
     fd6:	90 95       	com	r25
     fd8:	9b 01       	movw	r18, r22
     fda:	ac 01       	movw	r20, r24
     fdc:	bd 01       	movw	r22, r26
     fde:	cf 01       	movw	r24, r30
     fe0:	08 95       	ret

00000fe2 <dtostrf>:
     fe2:	ef 92       	push	r14
     fe4:	0f 93       	push	r16
     fe6:	1f 93       	push	r17
     fe8:	cf 93       	push	r28
     fea:	df 93       	push	r29
     fec:	e8 01       	movw	r28, r16
     fee:	47 fd       	sbrc	r20, 7
     ff0:	02 c0       	rjmp	.+4      	; 0xff6 <dtostrf+0x14>
     ff2:	34 e0       	ldi	r19, 0x04	; 4
     ff4:	01 c0       	rjmp	.+2      	; 0xff8 <dtostrf+0x16>
     ff6:	34 e1       	ldi	r19, 0x14	; 20
     ff8:	04 2e       	mov	r0, r20
     ffa:	00 0c       	add	r0, r0
     ffc:	55 0b       	sbc	r21, r21
     ffe:	57 ff       	sbrs	r21, 7
    1000:	03 c0       	rjmp	.+6      	; 0x1008 <dtostrf+0x26>
    1002:	51 95       	neg	r21
    1004:	41 95       	neg	r20
    1006:	51 09       	sbc	r21, r1
    1008:	e3 2e       	mov	r14, r19
    100a:	02 2f       	mov	r16, r18
    100c:	24 2f       	mov	r18, r20
    100e:	ae 01       	movw	r20, r28
    1010:	0e 94 11 08 	call	0x1022	; 0x1022 <dtoa_prf>
    1014:	ce 01       	movw	r24, r28
    1016:	df 91       	pop	r29
    1018:	cf 91       	pop	r28
    101a:	1f 91       	pop	r17
    101c:	0f 91       	pop	r16
    101e:	ef 90       	pop	r14
    1020:	08 95       	ret

00001022 <dtoa_prf>:
    1022:	a9 e0       	ldi	r26, 0x09	; 9
    1024:	b0 e0       	ldi	r27, 0x00	; 0
    1026:	e7 e1       	ldi	r30, 0x17	; 23
    1028:	f8 e0       	ldi	r31, 0x08	; 8
    102a:	0c 94 49 0a 	jmp	0x1492	; 0x1492 <__prologue_saves__+0xc>
    102e:	6a 01       	movw	r12, r20
    1030:	12 2f       	mov	r17, r18
    1032:	b0 2e       	mov	r11, r16
    1034:	2b e3       	ldi	r18, 0x3B	; 59
    1036:	20 17       	cp	r18, r16
    1038:	20 f0       	brcs	.+8      	; 0x1042 <dtoa_prf+0x20>
    103a:	ff 24       	eor	r15, r15
    103c:	f3 94       	inc	r15
    103e:	f0 0e       	add	r15, r16
    1040:	02 c0       	rjmp	.+4      	; 0x1046 <dtoa_prf+0x24>
    1042:	2c e3       	ldi	r18, 0x3C	; 60
    1044:	f2 2e       	mov	r15, r18
    1046:	0f 2d       	mov	r16, r15
    1048:	27 e0       	ldi	r18, 0x07	; 7
    104a:	ae 01       	movw	r20, r28
    104c:	4f 5f       	subi	r20, 0xFF	; 255
    104e:	5f 4f       	sbci	r21, 0xFF	; 255
    1050:	0e 94 6b 09 	call	0x12d6	; 0x12d6 <__ftoa_engine>
    1054:	bc 01       	movw	r22, r24
    1056:	49 81       	ldd	r20, Y+1	; 0x01
    1058:	84 2f       	mov	r24, r20
    105a:	89 70       	andi	r24, 0x09	; 9
    105c:	81 30       	cpi	r24, 0x01	; 1
    105e:	31 f0       	breq	.+12     	; 0x106c <dtoa_prf+0x4a>
    1060:	e1 fc       	sbrc	r14, 1
    1062:	06 c0       	rjmp	.+12     	; 0x1070 <dtoa_prf+0x4e>
    1064:	e0 fe       	sbrs	r14, 0
    1066:	06 c0       	rjmp	.+12     	; 0x1074 <dtoa_prf+0x52>
    1068:	90 e2       	ldi	r25, 0x20	; 32
    106a:	05 c0       	rjmp	.+10     	; 0x1076 <dtoa_prf+0x54>
    106c:	9d e2       	ldi	r25, 0x2D	; 45
    106e:	03 c0       	rjmp	.+6      	; 0x1076 <dtoa_prf+0x54>
    1070:	9b e2       	ldi	r25, 0x2B	; 43
    1072:	01 c0       	rjmp	.+2      	; 0x1076 <dtoa_prf+0x54>
    1074:	90 e0       	ldi	r25, 0x00	; 0
    1076:	5e 2d       	mov	r21, r14
    1078:	50 71       	andi	r21, 0x10	; 16
    107a:	43 ff       	sbrs	r20, 3
    107c:	3c c0       	rjmp	.+120    	; 0x10f6 <dtoa_prf+0xd4>
    107e:	91 11       	cpse	r25, r1
    1080:	02 c0       	rjmp	.+4      	; 0x1086 <dtoa_prf+0x64>
    1082:	83 e0       	ldi	r24, 0x03	; 3
    1084:	01 c0       	rjmp	.+2      	; 0x1088 <dtoa_prf+0x66>
    1086:	84 e0       	ldi	r24, 0x04	; 4
    1088:	81 17       	cp	r24, r17
    108a:	18 f4       	brcc	.+6      	; 0x1092 <dtoa_prf+0x70>
    108c:	21 2f       	mov	r18, r17
    108e:	28 1b       	sub	r18, r24
    1090:	01 c0       	rjmp	.+2      	; 0x1094 <dtoa_prf+0x72>
    1092:	20 e0       	ldi	r18, 0x00	; 0
    1094:	51 11       	cpse	r21, r1
    1096:	0b c0       	rjmp	.+22     	; 0x10ae <dtoa_prf+0x8c>
    1098:	f6 01       	movw	r30, r12
    109a:	82 2f       	mov	r24, r18
    109c:	30 e2       	ldi	r19, 0x20	; 32
    109e:	88 23       	and	r24, r24
    10a0:	19 f0       	breq	.+6      	; 0x10a8 <dtoa_prf+0x86>
    10a2:	31 93       	st	Z+, r19
    10a4:	81 50       	subi	r24, 0x01	; 1
    10a6:	fb cf       	rjmp	.-10     	; 0x109e <dtoa_prf+0x7c>
    10a8:	c2 0e       	add	r12, r18
    10aa:	d1 1c       	adc	r13, r1
    10ac:	20 e0       	ldi	r18, 0x00	; 0
    10ae:	99 23       	and	r25, r25
    10b0:	29 f0       	breq	.+10     	; 0x10bc <dtoa_prf+0x9a>
    10b2:	d6 01       	movw	r26, r12
    10b4:	9c 93       	st	X, r25
    10b6:	f6 01       	movw	r30, r12
    10b8:	31 96       	adiw	r30, 0x01	; 1
    10ba:	6f 01       	movw	r12, r30
    10bc:	c6 01       	movw	r24, r12
    10be:	03 96       	adiw	r24, 0x03	; 3
    10c0:	e2 fe       	sbrs	r14, 2
    10c2:	0a c0       	rjmp	.+20     	; 0x10d8 <dtoa_prf+0xb6>
    10c4:	3e e4       	ldi	r19, 0x4E	; 78
    10c6:	d6 01       	movw	r26, r12
    10c8:	3c 93       	st	X, r19
    10ca:	41 e4       	ldi	r20, 0x41	; 65
    10cc:	11 96       	adiw	r26, 0x01	; 1
    10ce:	4c 93       	st	X, r20
    10d0:	11 97       	sbiw	r26, 0x01	; 1
    10d2:	12 96       	adiw	r26, 0x02	; 2
    10d4:	3c 93       	st	X, r19
    10d6:	06 c0       	rjmp	.+12     	; 0x10e4 <dtoa_prf+0xc2>
    10d8:	3e e6       	ldi	r19, 0x6E	; 110
    10da:	f6 01       	movw	r30, r12
    10dc:	30 83       	st	Z, r19
    10de:	41 e6       	ldi	r20, 0x61	; 97
    10e0:	41 83       	std	Z+1, r20	; 0x01
    10e2:	32 83       	std	Z+2, r19	; 0x02
    10e4:	fc 01       	movw	r30, r24
    10e6:	32 2f       	mov	r19, r18
    10e8:	40 e2       	ldi	r20, 0x20	; 32
    10ea:	33 23       	and	r19, r19
    10ec:	09 f4       	brne	.+2      	; 0x10f0 <dtoa_prf+0xce>
    10ee:	42 c0       	rjmp	.+132    	; 0x1174 <dtoa_prf+0x152>
    10f0:	41 93       	st	Z+, r20
    10f2:	31 50       	subi	r19, 0x01	; 1
    10f4:	fa cf       	rjmp	.-12     	; 0x10ea <dtoa_prf+0xc8>
    10f6:	42 ff       	sbrs	r20, 2
    10f8:	44 c0       	rjmp	.+136    	; 0x1182 <dtoa_prf+0x160>
    10fa:	91 11       	cpse	r25, r1
    10fc:	02 c0       	rjmp	.+4      	; 0x1102 <dtoa_prf+0xe0>
    10fe:	83 e0       	ldi	r24, 0x03	; 3
    1100:	01 c0       	rjmp	.+2      	; 0x1104 <dtoa_prf+0xe2>
    1102:	84 e0       	ldi	r24, 0x04	; 4
    1104:	81 17       	cp	r24, r17
    1106:	18 f4       	brcc	.+6      	; 0x110e <dtoa_prf+0xec>
    1108:	21 2f       	mov	r18, r17
    110a:	28 1b       	sub	r18, r24
    110c:	01 c0       	rjmp	.+2      	; 0x1110 <dtoa_prf+0xee>
    110e:	20 e0       	ldi	r18, 0x00	; 0
    1110:	51 11       	cpse	r21, r1
    1112:	0b c0       	rjmp	.+22     	; 0x112a <dtoa_prf+0x108>
    1114:	f6 01       	movw	r30, r12
    1116:	82 2f       	mov	r24, r18
    1118:	30 e2       	ldi	r19, 0x20	; 32
    111a:	88 23       	and	r24, r24
    111c:	19 f0       	breq	.+6      	; 0x1124 <dtoa_prf+0x102>
    111e:	31 93       	st	Z+, r19
    1120:	81 50       	subi	r24, 0x01	; 1
    1122:	fb cf       	rjmp	.-10     	; 0x111a <dtoa_prf+0xf8>
    1124:	c2 0e       	add	r12, r18
    1126:	d1 1c       	adc	r13, r1
    1128:	20 e0       	ldi	r18, 0x00	; 0
    112a:	99 23       	and	r25, r25
    112c:	29 f0       	breq	.+10     	; 0x1138 <dtoa_prf+0x116>
    112e:	d6 01       	movw	r26, r12
    1130:	9c 93       	st	X, r25
    1132:	f6 01       	movw	r30, r12
    1134:	31 96       	adiw	r30, 0x01	; 1
    1136:	6f 01       	movw	r12, r30
    1138:	c6 01       	movw	r24, r12
    113a:	03 96       	adiw	r24, 0x03	; 3
    113c:	e2 fe       	sbrs	r14, 2
    113e:	0b c0       	rjmp	.+22     	; 0x1156 <dtoa_prf+0x134>
    1140:	39 e4       	ldi	r19, 0x49	; 73
    1142:	d6 01       	movw	r26, r12
    1144:	3c 93       	st	X, r19
    1146:	3e e4       	ldi	r19, 0x4E	; 78
    1148:	11 96       	adiw	r26, 0x01	; 1
    114a:	3c 93       	st	X, r19
    114c:	11 97       	sbiw	r26, 0x01	; 1
    114e:	36 e4       	ldi	r19, 0x46	; 70
    1150:	12 96       	adiw	r26, 0x02	; 2
    1152:	3c 93       	st	X, r19
    1154:	07 c0       	rjmp	.+14     	; 0x1164 <dtoa_prf+0x142>
    1156:	39 e6       	ldi	r19, 0x69	; 105
    1158:	f6 01       	movw	r30, r12
    115a:	30 83       	st	Z, r19
    115c:	3e e6       	ldi	r19, 0x6E	; 110
    115e:	31 83       	std	Z+1, r19	; 0x01
    1160:	36 e6       	ldi	r19, 0x66	; 102
    1162:	32 83       	std	Z+2, r19	; 0x02
    1164:	fc 01       	movw	r30, r24
    1166:	32 2f       	mov	r19, r18
    1168:	40 e2       	ldi	r20, 0x20	; 32
    116a:	33 23       	and	r19, r19
    116c:	19 f0       	breq	.+6      	; 0x1174 <dtoa_prf+0x152>
    116e:	41 93       	st	Z+, r20
    1170:	31 50       	subi	r19, 0x01	; 1
    1172:	fb cf       	rjmp	.-10     	; 0x116a <dtoa_prf+0x148>
    1174:	fc 01       	movw	r30, r24
    1176:	e2 0f       	add	r30, r18
    1178:	f1 1d       	adc	r31, r1
    117a:	10 82       	st	Z, r1
    117c:	8e ef       	ldi	r24, 0xFE	; 254
    117e:	9f ef       	ldi	r25, 0xFF	; 255
    1180:	a6 c0       	rjmp	.+332    	; 0x12ce <dtoa_prf+0x2ac>
    1182:	21 e0       	ldi	r18, 0x01	; 1
    1184:	30 e0       	ldi	r19, 0x00	; 0
    1186:	91 11       	cpse	r25, r1
    1188:	02 c0       	rjmp	.+4      	; 0x118e <dtoa_prf+0x16c>
    118a:	20 e0       	ldi	r18, 0x00	; 0
    118c:	30 e0       	ldi	r19, 0x00	; 0
    118e:	16 16       	cp	r1, r22
    1190:	17 06       	cpc	r1, r23
    1192:	1c f4       	brge	.+6      	; 0x119a <dtoa_prf+0x178>
    1194:	fb 01       	movw	r30, r22
    1196:	31 96       	adiw	r30, 0x01	; 1
    1198:	02 c0       	rjmp	.+4      	; 0x119e <dtoa_prf+0x17c>
    119a:	e1 e0       	ldi	r30, 0x01	; 1
    119c:	f0 e0       	ldi	r31, 0x00	; 0
    119e:	2e 0f       	add	r18, r30
    11a0:	3f 1f       	adc	r19, r31
    11a2:	bb 20       	and	r11, r11
    11a4:	21 f0       	breq	.+8      	; 0x11ae <dtoa_prf+0x18c>
    11a6:	eb 2d       	mov	r30, r11
    11a8:	f0 e0       	ldi	r31, 0x00	; 0
    11aa:	31 96       	adiw	r30, 0x01	; 1
    11ac:	02 c0       	rjmp	.+4      	; 0x11b2 <dtoa_prf+0x190>
    11ae:	e0 e0       	ldi	r30, 0x00	; 0
    11b0:	f0 e0       	ldi	r31, 0x00	; 0
    11b2:	2e 0f       	add	r18, r30
    11b4:	3f 1f       	adc	r19, r31
    11b6:	e1 2f       	mov	r30, r17
    11b8:	f0 e0       	ldi	r31, 0x00	; 0
    11ba:	2e 17       	cp	r18, r30
    11bc:	3f 07       	cpc	r19, r31
    11be:	1c f4       	brge	.+6      	; 0x11c6 <dtoa_prf+0x1a4>
    11c0:	12 1b       	sub	r17, r18
    11c2:	21 2f       	mov	r18, r17
    11c4:	01 c0       	rjmp	.+2      	; 0x11c8 <dtoa_prf+0x1a6>
    11c6:	20 e0       	ldi	r18, 0x00	; 0
    11c8:	8e 2d       	mov	r24, r14
    11ca:	88 71       	andi	r24, 0x18	; 24
    11cc:	59 f4       	brne	.+22     	; 0x11e4 <dtoa_prf+0x1c2>
    11ce:	f6 01       	movw	r30, r12
    11d0:	82 2f       	mov	r24, r18
    11d2:	30 e2       	ldi	r19, 0x20	; 32
    11d4:	88 23       	and	r24, r24
    11d6:	19 f0       	breq	.+6      	; 0x11de <dtoa_prf+0x1bc>
    11d8:	31 93       	st	Z+, r19
    11da:	81 50       	subi	r24, 0x01	; 1
    11dc:	fb cf       	rjmp	.-10     	; 0x11d4 <dtoa_prf+0x1b2>
    11de:	c2 0e       	add	r12, r18
    11e0:	d1 1c       	adc	r13, r1
    11e2:	20 e0       	ldi	r18, 0x00	; 0
    11e4:	99 23       	and	r25, r25
    11e6:	29 f0       	breq	.+10     	; 0x11f2 <dtoa_prf+0x1d0>
    11e8:	d6 01       	movw	r26, r12
    11ea:	9c 93       	st	X, r25
    11ec:	f6 01       	movw	r30, r12
    11ee:	31 96       	adiw	r30, 0x01	; 1
    11f0:	6f 01       	movw	r12, r30
    11f2:	51 11       	cpse	r21, r1
    11f4:	0b c0       	rjmp	.+22     	; 0x120c <dtoa_prf+0x1ea>
    11f6:	f6 01       	movw	r30, r12
    11f8:	82 2f       	mov	r24, r18
    11fa:	90 e3       	ldi	r25, 0x30	; 48
    11fc:	88 23       	and	r24, r24
    11fe:	19 f0       	breq	.+6      	; 0x1206 <dtoa_prf+0x1e4>
    1200:	91 93       	st	Z+, r25
    1202:	81 50       	subi	r24, 0x01	; 1
    1204:	fb cf       	rjmp	.-10     	; 0x11fc <dtoa_prf+0x1da>
    1206:	c2 0e       	add	r12, r18
    1208:	d1 1c       	adc	r13, r1
    120a:	20 e0       	ldi	r18, 0x00	; 0
    120c:	0f 2d       	mov	r16, r15
    120e:	06 0f       	add	r16, r22
    1210:	9a 81       	ldd	r25, Y+2	; 0x02
    1212:	34 2f       	mov	r19, r20
    1214:	30 71       	andi	r19, 0x10	; 16
    1216:	44 ff       	sbrs	r20, 4
    1218:	03 c0       	rjmp	.+6      	; 0x1220 <dtoa_prf+0x1fe>
    121a:	91 33       	cpi	r25, 0x31	; 49
    121c:	09 f4       	brne	.+2      	; 0x1220 <dtoa_prf+0x1fe>
    121e:	01 50       	subi	r16, 0x01	; 1
    1220:	10 16       	cp	r1, r16
    1222:	24 f4       	brge	.+8      	; 0x122c <dtoa_prf+0x20a>
    1224:	09 30       	cpi	r16, 0x09	; 9
    1226:	18 f0       	brcs	.+6      	; 0x122e <dtoa_prf+0x20c>
    1228:	08 e0       	ldi	r16, 0x08	; 8
    122a:	01 c0       	rjmp	.+2      	; 0x122e <dtoa_prf+0x20c>
    122c:	01 e0       	ldi	r16, 0x01	; 1
    122e:	ab 01       	movw	r20, r22
    1230:	77 ff       	sbrs	r23, 7
    1232:	02 c0       	rjmp	.+4      	; 0x1238 <dtoa_prf+0x216>
    1234:	40 e0       	ldi	r20, 0x00	; 0
    1236:	50 e0       	ldi	r21, 0x00	; 0
    1238:	fb 01       	movw	r30, r22
    123a:	e4 1b       	sub	r30, r20
    123c:	f5 0b       	sbc	r31, r21
    123e:	a1 e0       	ldi	r26, 0x01	; 1
    1240:	b0 e0       	ldi	r27, 0x00	; 0
    1242:	ac 0f       	add	r26, r28
    1244:	bd 1f       	adc	r27, r29
    1246:	ea 0f       	add	r30, r26
    1248:	fb 1f       	adc	r31, r27
    124a:	8e e2       	ldi	r24, 0x2E	; 46
    124c:	a8 2e       	mov	r10, r24
    124e:	4b 01       	movw	r8, r22
    1250:	80 1a       	sub	r8, r16
    1252:	91 08       	sbc	r9, r1
    1254:	0b 2d       	mov	r16, r11
    1256:	10 e0       	ldi	r17, 0x00	; 0
    1258:	11 95       	neg	r17
    125a:	01 95       	neg	r16
    125c:	11 09       	sbc	r17, r1
    125e:	4f 3f       	cpi	r20, 0xFF	; 255
    1260:	bf ef       	ldi	r27, 0xFF	; 255
    1262:	5b 07       	cpc	r21, r27
    1264:	21 f4       	brne	.+8      	; 0x126e <dtoa_prf+0x24c>
    1266:	d6 01       	movw	r26, r12
    1268:	ac 92       	st	X, r10
    126a:	11 96       	adiw	r26, 0x01	; 1
    126c:	6d 01       	movw	r12, r26
    126e:	64 17       	cp	r22, r20
    1270:	75 07       	cpc	r23, r21
    1272:	2c f0       	brlt	.+10     	; 0x127e <dtoa_prf+0x25c>
    1274:	84 16       	cp	r8, r20
    1276:	95 06       	cpc	r9, r21
    1278:	14 f4       	brge	.+4      	; 0x127e <dtoa_prf+0x25c>
    127a:	81 81       	ldd	r24, Z+1	; 0x01
    127c:	01 c0       	rjmp	.+2      	; 0x1280 <dtoa_prf+0x25e>
    127e:	80 e3       	ldi	r24, 0x30	; 48
    1280:	41 50       	subi	r20, 0x01	; 1
    1282:	51 09       	sbc	r21, r1
    1284:	31 96       	adiw	r30, 0x01	; 1
    1286:	d6 01       	movw	r26, r12
    1288:	11 96       	adiw	r26, 0x01	; 1
    128a:	7d 01       	movw	r14, r26
    128c:	40 17       	cp	r20, r16
    128e:	51 07       	cpc	r21, r17
    1290:	24 f0       	brlt	.+8      	; 0x129a <dtoa_prf+0x278>
    1292:	d6 01       	movw	r26, r12
    1294:	8c 93       	st	X, r24
    1296:	67 01       	movw	r12, r14
    1298:	e2 cf       	rjmp	.-60     	; 0x125e <dtoa_prf+0x23c>
    129a:	64 17       	cp	r22, r20
    129c:	75 07       	cpc	r23, r21
    129e:	39 f4       	brne	.+14     	; 0x12ae <dtoa_prf+0x28c>
    12a0:	96 33       	cpi	r25, 0x36	; 54
    12a2:	20 f4       	brcc	.+8      	; 0x12ac <dtoa_prf+0x28a>
    12a4:	95 33       	cpi	r25, 0x35	; 53
    12a6:	19 f4       	brne	.+6      	; 0x12ae <dtoa_prf+0x28c>
    12a8:	31 11       	cpse	r19, r1
    12aa:	01 c0       	rjmp	.+2      	; 0x12ae <dtoa_prf+0x28c>
    12ac:	81 e3       	ldi	r24, 0x31	; 49
    12ae:	f6 01       	movw	r30, r12
    12b0:	80 83       	st	Z, r24
    12b2:	f7 01       	movw	r30, r14
    12b4:	82 2f       	mov	r24, r18
    12b6:	90 e2       	ldi	r25, 0x20	; 32
    12b8:	88 23       	and	r24, r24
    12ba:	19 f0       	breq	.+6      	; 0x12c2 <dtoa_prf+0x2a0>
    12bc:	91 93       	st	Z+, r25
    12be:	81 50       	subi	r24, 0x01	; 1
    12c0:	fb cf       	rjmp	.-10     	; 0x12b8 <dtoa_prf+0x296>
    12c2:	f7 01       	movw	r30, r14
    12c4:	e2 0f       	add	r30, r18
    12c6:	f1 1d       	adc	r31, r1
    12c8:	10 82       	st	Z, r1
    12ca:	80 e0       	ldi	r24, 0x00	; 0
    12cc:	90 e0       	ldi	r25, 0x00	; 0
    12ce:	29 96       	adiw	r28, 0x09	; 9
    12d0:	ec e0       	ldi	r30, 0x0C	; 12
    12d2:	0c 94 65 0a 	jmp	0x14ca	; 0x14ca <__epilogue_restores__+0xc>

000012d6 <__ftoa_engine>:
    12d6:	28 30       	cpi	r18, 0x08	; 8
    12d8:	08 f0       	brcs	.+2      	; 0x12dc <__ftoa_engine+0x6>
    12da:	27 e0       	ldi	r18, 0x07	; 7
    12dc:	33 27       	eor	r19, r19
    12de:	da 01       	movw	r26, r20
    12e0:	99 0f       	add	r25, r25
    12e2:	31 1d       	adc	r19, r1
    12e4:	87 fd       	sbrc	r24, 7
    12e6:	91 60       	ori	r25, 0x01	; 1
    12e8:	00 96       	adiw	r24, 0x00	; 0
    12ea:	61 05       	cpc	r22, r1
    12ec:	71 05       	cpc	r23, r1
    12ee:	39 f4       	brne	.+14     	; 0x12fe <__ftoa_engine+0x28>
    12f0:	32 60       	ori	r19, 0x02	; 2
    12f2:	2e 5f       	subi	r18, 0xFE	; 254
    12f4:	3d 93       	st	X+, r19
    12f6:	30 e3       	ldi	r19, 0x30	; 48
    12f8:	2a 95       	dec	r18
    12fa:	e1 f7       	brne	.-8      	; 0x12f4 <__ftoa_engine+0x1e>
    12fc:	08 95       	ret
    12fe:	9f 3f       	cpi	r25, 0xFF	; 255
    1300:	30 f0       	brcs	.+12     	; 0x130e <__ftoa_engine+0x38>
    1302:	80 38       	cpi	r24, 0x80	; 128
    1304:	71 05       	cpc	r23, r1
    1306:	61 05       	cpc	r22, r1
    1308:	09 f0       	breq	.+2      	; 0x130c <__ftoa_engine+0x36>
    130a:	3c 5f       	subi	r19, 0xFC	; 252
    130c:	3c 5f       	subi	r19, 0xFC	; 252
    130e:	3d 93       	st	X+, r19
    1310:	91 30       	cpi	r25, 0x01	; 1
    1312:	08 f0       	brcs	.+2      	; 0x1316 <__ftoa_engine+0x40>
    1314:	80 68       	ori	r24, 0x80	; 128
    1316:	91 1d       	adc	r25, r1
    1318:	df 93       	push	r29
    131a:	cf 93       	push	r28
    131c:	1f 93       	push	r17
    131e:	0f 93       	push	r16
    1320:	ff 92       	push	r15
    1322:	ef 92       	push	r14
    1324:	19 2f       	mov	r17, r25
    1326:	98 7f       	andi	r25, 0xF8	; 248
    1328:	96 95       	lsr	r25
    132a:	e9 2f       	mov	r30, r25
    132c:	96 95       	lsr	r25
    132e:	96 95       	lsr	r25
    1330:	e9 0f       	add	r30, r25
    1332:	ff 27       	eor	r31, r31
    1334:	ee 53       	subi	r30, 0x3E	; 62
    1336:	ff 4f       	sbci	r31, 0xFF	; 255
    1338:	99 27       	eor	r25, r25
    133a:	33 27       	eor	r19, r19
    133c:	ee 24       	eor	r14, r14
    133e:	ff 24       	eor	r15, r15
    1340:	a7 01       	movw	r20, r14
    1342:	e7 01       	movw	r28, r14
    1344:	05 90       	lpm	r0, Z+
    1346:	08 94       	sec
    1348:	07 94       	ror	r0
    134a:	28 f4       	brcc	.+10     	; 0x1356 <__ftoa_engine+0x80>
    134c:	36 0f       	add	r19, r22
    134e:	e7 1e       	adc	r14, r23
    1350:	f8 1e       	adc	r15, r24
    1352:	49 1f       	adc	r20, r25
    1354:	51 1d       	adc	r21, r1
    1356:	66 0f       	add	r22, r22
    1358:	77 1f       	adc	r23, r23
    135a:	88 1f       	adc	r24, r24
    135c:	99 1f       	adc	r25, r25
    135e:	06 94       	lsr	r0
    1360:	a1 f7       	brne	.-24     	; 0x134a <__ftoa_engine+0x74>
    1362:	05 90       	lpm	r0, Z+
    1364:	07 94       	ror	r0
    1366:	28 f4       	brcc	.+10     	; 0x1372 <__ftoa_engine+0x9c>
    1368:	e7 0e       	add	r14, r23
    136a:	f8 1e       	adc	r15, r24
    136c:	49 1f       	adc	r20, r25
    136e:	56 1f       	adc	r21, r22
    1370:	c1 1d       	adc	r28, r1
    1372:	77 0f       	add	r23, r23
    1374:	88 1f       	adc	r24, r24
    1376:	99 1f       	adc	r25, r25
    1378:	66 1f       	adc	r22, r22
    137a:	06 94       	lsr	r0
    137c:	a1 f7       	brne	.-24     	; 0x1366 <__ftoa_engine+0x90>
    137e:	05 90       	lpm	r0, Z+
    1380:	07 94       	ror	r0
    1382:	28 f4       	brcc	.+10     	; 0x138e <__ftoa_engine+0xb8>
    1384:	f8 0e       	add	r15, r24
    1386:	49 1f       	adc	r20, r25
    1388:	56 1f       	adc	r21, r22
    138a:	c7 1f       	adc	r28, r23
    138c:	d1 1d       	adc	r29, r1
    138e:	88 0f       	add	r24, r24
    1390:	99 1f       	adc	r25, r25
    1392:	66 1f       	adc	r22, r22
    1394:	77 1f       	adc	r23, r23
    1396:	06 94       	lsr	r0
    1398:	a1 f7       	brne	.-24     	; 0x1382 <__ftoa_engine+0xac>
    139a:	05 90       	lpm	r0, Z+
    139c:	07 94       	ror	r0
    139e:	20 f4       	brcc	.+8      	; 0x13a8 <__ftoa_engine+0xd2>
    13a0:	49 0f       	add	r20, r25
    13a2:	56 1f       	adc	r21, r22
    13a4:	c7 1f       	adc	r28, r23
    13a6:	d8 1f       	adc	r29, r24
    13a8:	99 0f       	add	r25, r25
    13aa:	66 1f       	adc	r22, r22
    13ac:	77 1f       	adc	r23, r23
    13ae:	88 1f       	adc	r24, r24
    13b0:	06 94       	lsr	r0
    13b2:	a9 f7       	brne	.-22     	; 0x139e <__ftoa_engine+0xc8>
    13b4:	84 91       	lpm	r24, Z
    13b6:	10 95       	com	r17
    13b8:	17 70       	andi	r17, 0x07	; 7
    13ba:	41 f0       	breq	.+16     	; 0x13cc <__ftoa_engine+0xf6>
    13bc:	d6 95       	lsr	r29
    13be:	c7 95       	ror	r28
    13c0:	57 95       	ror	r21
    13c2:	47 95       	ror	r20
    13c4:	f7 94       	ror	r15
    13c6:	e7 94       	ror	r14
    13c8:	1a 95       	dec	r17
    13ca:	c1 f7       	brne	.-16     	; 0x13bc <__ftoa_engine+0xe6>
    13cc:	e8 e6       	ldi	r30, 0x68	; 104
    13ce:	f0 e0       	ldi	r31, 0x00	; 0
    13d0:	68 94       	set
    13d2:	15 90       	lpm	r1, Z+
    13d4:	15 91       	lpm	r17, Z+
    13d6:	35 91       	lpm	r19, Z+
    13d8:	65 91       	lpm	r22, Z+
    13da:	95 91       	lpm	r25, Z+
    13dc:	05 90       	lpm	r0, Z+
    13de:	7f e2       	ldi	r23, 0x2F	; 47
    13e0:	73 95       	inc	r23
    13e2:	e1 18       	sub	r14, r1
    13e4:	f1 0a       	sbc	r15, r17
    13e6:	43 0b       	sbc	r20, r19
    13e8:	56 0b       	sbc	r21, r22
    13ea:	c9 0b       	sbc	r28, r25
    13ec:	d0 09       	sbc	r29, r0
    13ee:	c0 f7       	brcc	.-16     	; 0x13e0 <__ftoa_engine+0x10a>
    13f0:	e1 0c       	add	r14, r1
    13f2:	f1 1e       	adc	r15, r17
    13f4:	43 1f       	adc	r20, r19
    13f6:	56 1f       	adc	r21, r22
    13f8:	c9 1f       	adc	r28, r25
    13fa:	d0 1d       	adc	r29, r0
    13fc:	7e f4       	brtc	.+30     	; 0x141c <__ftoa_engine+0x146>
    13fe:	70 33       	cpi	r23, 0x30	; 48
    1400:	11 f4       	brne	.+4      	; 0x1406 <__ftoa_engine+0x130>
    1402:	8a 95       	dec	r24
    1404:	e6 cf       	rjmp	.-52     	; 0x13d2 <__ftoa_engine+0xfc>
    1406:	e8 94       	clt
    1408:	01 50       	subi	r16, 0x01	; 1
    140a:	30 f0       	brcs	.+12     	; 0x1418 <__ftoa_engine+0x142>
    140c:	08 0f       	add	r16, r24
    140e:	0a f4       	brpl	.+2      	; 0x1412 <__ftoa_engine+0x13c>
    1410:	00 27       	eor	r16, r16
    1412:	02 17       	cp	r16, r18
    1414:	08 f4       	brcc	.+2      	; 0x1418 <__ftoa_engine+0x142>
    1416:	20 2f       	mov	r18, r16
    1418:	23 95       	inc	r18
    141a:	02 2f       	mov	r16, r18
    141c:	7a 33       	cpi	r23, 0x3A	; 58
    141e:	28 f0       	brcs	.+10     	; 0x142a <__ftoa_engine+0x154>
    1420:	79 e3       	ldi	r23, 0x39	; 57
    1422:	7d 93       	st	X+, r23
    1424:	2a 95       	dec	r18
    1426:	e9 f7       	brne	.-6      	; 0x1422 <__ftoa_engine+0x14c>
    1428:	10 c0       	rjmp	.+32     	; 0x144a <__ftoa_engine+0x174>
    142a:	7d 93       	st	X+, r23
    142c:	2a 95       	dec	r18
    142e:	89 f6       	brne	.-94     	; 0x13d2 <__ftoa_engine+0xfc>
    1430:	06 94       	lsr	r0
    1432:	97 95       	ror	r25
    1434:	67 95       	ror	r22
    1436:	37 95       	ror	r19
    1438:	17 95       	ror	r17
    143a:	17 94       	ror	r1
    143c:	e1 18       	sub	r14, r1
    143e:	f1 0a       	sbc	r15, r17
    1440:	43 0b       	sbc	r20, r19
    1442:	56 0b       	sbc	r21, r22
    1444:	c9 0b       	sbc	r28, r25
    1446:	d0 09       	sbc	r29, r0
    1448:	98 f0       	brcs	.+38     	; 0x1470 <__ftoa_engine+0x19a>
    144a:	23 95       	inc	r18
    144c:	7e 91       	ld	r23, -X
    144e:	73 95       	inc	r23
    1450:	7a 33       	cpi	r23, 0x3A	; 58
    1452:	08 f0       	brcs	.+2      	; 0x1456 <__ftoa_engine+0x180>
    1454:	70 e3       	ldi	r23, 0x30	; 48
    1456:	7c 93       	st	X, r23
    1458:	20 13       	cpse	r18, r16
    145a:	b8 f7       	brcc	.-18     	; 0x144a <__ftoa_engine+0x174>
    145c:	7e 91       	ld	r23, -X
    145e:	70 61       	ori	r23, 0x10	; 16
    1460:	7d 93       	st	X+, r23
    1462:	30 f0       	brcs	.+12     	; 0x1470 <__ftoa_engine+0x19a>
    1464:	83 95       	inc	r24
    1466:	71 e3       	ldi	r23, 0x31	; 49
    1468:	7d 93       	st	X+, r23
    146a:	70 e3       	ldi	r23, 0x30	; 48
    146c:	2a 95       	dec	r18
    146e:	e1 f7       	brne	.-8      	; 0x1468 <__ftoa_engine+0x192>
    1470:	11 24       	eor	r1, r1
    1472:	ef 90       	pop	r14
    1474:	ff 90       	pop	r15
    1476:	0f 91       	pop	r16
    1478:	1f 91       	pop	r17
    147a:	cf 91       	pop	r28
    147c:	df 91       	pop	r29
    147e:	99 27       	eor	r25, r25
    1480:	87 fd       	sbrc	r24, 7
    1482:	90 95       	com	r25
    1484:	08 95       	ret

00001486 <__prologue_saves__>:
    1486:	2f 92       	push	r2
    1488:	3f 92       	push	r3
    148a:	4f 92       	push	r4
    148c:	5f 92       	push	r5
    148e:	6f 92       	push	r6
    1490:	7f 92       	push	r7
    1492:	8f 92       	push	r8
    1494:	9f 92       	push	r9
    1496:	af 92       	push	r10
    1498:	bf 92       	push	r11
    149a:	cf 92       	push	r12
    149c:	df 92       	push	r13
    149e:	ef 92       	push	r14
    14a0:	ff 92       	push	r15
    14a2:	0f 93       	push	r16
    14a4:	1f 93       	push	r17
    14a6:	cf 93       	push	r28
    14a8:	df 93       	push	r29
    14aa:	cd b7       	in	r28, 0x3d	; 61
    14ac:	de b7       	in	r29, 0x3e	; 62
    14ae:	ca 1b       	sub	r28, r26
    14b0:	db 0b       	sbc	r29, r27
    14b2:	0f b6       	in	r0, 0x3f	; 63
    14b4:	f8 94       	cli
    14b6:	de bf       	out	0x3e, r29	; 62
    14b8:	0f be       	out	0x3f, r0	; 63
    14ba:	cd bf       	out	0x3d, r28	; 61
    14bc:	09 94       	ijmp

000014be <__epilogue_restores__>:
    14be:	2a 88       	ldd	r2, Y+18	; 0x12
    14c0:	39 88       	ldd	r3, Y+17	; 0x11
    14c2:	48 88       	ldd	r4, Y+16	; 0x10
    14c4:	5f 84       	ldd	r5, Y+15	; 0x0f
    14c6:	6e 84       	ldd	r6, Y+14	; 0x0e
    14c8:	7d 84       	ldd	r7, Y+13	; 0x0d
    14ca:	8c 84       	ldd	r8, Y+12	; 0x0c
    14cc:	9b 84       	ldd	r9, Y+11	; 0x0b
    14ce:	aa 84       	ldd	r10, Y+10	; 0x0a
    14d0:	b9 84       	ldd	r11, Y+9	; 0x09
    14d2:	c8 84       	ldd	r12, Y+8	; 0x08
    14d4:	df 80       	ldd	r13, Y+7	; 0x07
    14d6:	ee 80       	ldd	r14, Y+6	; 0x06
    14d8:	fd 80       	ldd	r15, Y+5	; 0x05
    14da:	0c 81       	ldd	r16, Y+4	; 0x04
    14dc:	1b 81       	ldd	r17, Y+3	; 0x03
    14de:	aa 81       	ldd	r26, Y+2	; 0x02
    14e0:	b9 81       	ldd	r27, Y+1	; 0x01
    14e2:	ce 0f       	add	r28, r30
    14e4:	d1 1d       	adc	r29, r1
    14e6:	0f b6       	in	r0, 0x3f	; 63
    14e8:	f8 94       	cli
    14ea:	de bf       	out	0x3e, r29	; 62
    14ec:	0f be       	out	0x3f, r0	; 63
    14ee:	cd bf       	out	0x3d, r28	; 61
    14f0:	ed 01       	movw	r28, r26
    14f2:	08 95       	ret

000014f4 <_exit>:
    14f4:	f8 94       	cli

000014f6 <__stop_program>:
    14f6:	ff cf       	rjmp	.-2      	; 0x14f6 <__stop_program>
